ticker,name,sector,close,chg1d,long_score,fade_score,trend,respect_profile,rsi,pctb,bandwidth,atr_pct,relvol,pos52,vs_sma20,vs_sma50,vs_sma200,macd_hist,support_level,support_dist_atr,support_rate,support_n,support_base,support_score,resist_level,resist_dist_atr,resist_base,resist_rate,resist_n,resist_score,long_raw,fade_raw,rs_1m,rs_3m,weekly_trend,vol_confirm,broken_level,broken_rate,broken_n,broken_dist_atr,broken_base,sma20_sup_rate,sma20_sup_base,sma20_sup_n,sma20_res_rate,sma20_res_base,sma20_res_n,sma50_sup_rate,sma50_sup_base,sma50_sup_n,sma50_res_rate,sma50_res_base,sma50_res_n,sma100_sup_rate,sma100_sup_base,sma100_sup_n,sma100_res_rate,sma100_res_base,sma100_res_n,sma200_sup_rate,sma200_sup_base,sma200_sup_n,sma200_res_rate,sma200_res_base,sma200_res_n,bb_lower_sup_rate,bb_lower_sup_base,bb_lower_sup_n,bb_upper_res_rate,bb_upper_res_base,bb_upper_res_n,earnings_note
ALL,Allstate,Financials,223.9500,-0.0014,63.7871,6.0000,Up,SMA200 83% vs 68% (n=39) | BB lower 85% vs 73% (n=69),29.4876,0.2738,0.2317,0.0224,0.6643,0.4307,-0.0524,-0.1069,0.0027,-0.6438,SMA200,0.1205,0.8308,39,0.6811,68.8457,,,,,0,0.0000,63.7871,6.0000,-0.1336,-0.1321,Down,False,,,0,,,0.6611,0.6811,106,0.5605,0.5931,93,0.6634,0.6811,80,0.5827,0.5931,67,0.5716,0.6811,62,0.5919,0.5931,49,0.8308,0.6811,39,0.3489,0.5931,20,0.8482,0.7292,69,0.6400,0.6092,92,
FAST,Fastenal,Industrials,49.8300,-0.0193,62.8774,0.0000,Up,SMA50 80% vs 59% (n=64) | SMA200 71% vs 59% (n=29),48.7086,0.4626,0.0527,0.0194,0.9449,0.7881,-0.0020,-0.0045,0.0824,0.0214,SMA50,-0.2330,0.7995,64,0.5920,84.4671,,,,,0,0.0000,62.8774,0.0000,-0.0081,0.0445,Mixed,False,,,0,,,0.6862,0.5920,100,0.5786,0.6753,94,0.7995,0.5920,64,0.4340,0.6753,46,0.6074,0.5920,46,0.6674,0.6753,42,0.7081,0.5920,29,0.4704,0.6753,23,0.7276,0.7331,77,0.6358,0.6439,96,Earnings Wed Oct 14
CB,Chubb Limited,Financials,334.7000,0.0015,49.5490,0.0000,Up,SMA100 85% vs 66% (n=50),47.9272,0.4544,0.0536,0.0150,0.6396,0.7046,-0.0024,-0.0170,0.0188,0.1490,SMA100,-0.5891,0.8454,50,0.6630,55.3887,,,,,0,0.0000,49.5490,0.0000,-0.0200,-0.0713,Down,False,,,0,,,0.6835,0.6630,114,0.5965,0.6618,96,0.6708,0.6630,73,0.6293,0.6618,59,0.8454,0.6630,50,0.5515,0.6618,28,0.6758,0.6630,31,0.6367,0.6618,30,0.7534,0.7568,77,0.7153,0.7044,95,Earnings Tue Oct 20
VTRS,Viatris,Health Care,17.4900,-0.0029,48.6891,5.1273,Up,SMA50 74% vs 61% (n=49) | SMA20 74% vs 61% (n=100),55.0535,0.6006,0.1158,0.0260,0.8178,0.8964,0.0117,0.0349,0.1486,-0.0115,SMA20,0.4427,0.7351,100,0.6129,43.0710,,,,,0,0.0000,48.6891,5.1273,0.0358,0.0419,Up,False,,,0,,,0.7351,0.6129,100,0.5751,0.6906,86,0.7444,0.6129,49,0.5775,0.6906,51,0.6879,0.6129,33,0.6063,0.6906,22,0.7151,0.6129,26,0.5114,0.6906,19,0.6282,0.6217,70,0.6635,0.5875,96,
CI,Cigna,Health Care,278.5100,0.0151,47.1671,8.7595,Mixed,SMA100 78% vs 64% (n=52) | BB upper 75% vs 64% (n=99),53.9024,0.6248,0.0906,0.0261,0.9831,0.6235,0.0113,0.0056,0.0044,0.4501,SMA100,-0.3040,0.7780,52,0.6425,54.0510,BB upper,-1.2882,0.6422,0.7531,99,7.8278,47.1671,8.7595,-0.0075,-0.0767,Up,False,,,0,,,0.7237,0.6425,117,0.5461,0.6319,105,0.7354,0.6425,77,0.5225,0.6319,64,0.7780,0.6425,52,0.5618,0.6319,45,0.6145,0.6425,49,0.6316,0.6319,38,0.7119,0.6667,77,0.7531,0.6422,99,
STT,State Street Corporation,Financials,174.1900,-0.0089,47.0346,6.0000,Up,SMA100 85% vs 74% (n=35),34.0262,0.1920,0.1121,0.0221,0.7234,0.7766,-0.0345,-0.0573,0.1306,-0.5397,SMA100,-0.5997,0.8451,35,0.7395,31.6941,,,,,0,0.0000,47.0346,6.0000,-0.1046,-0.0645,Down,False,,,0,,,0.6823,0.7395,100,0.5299,0.5543,87,0.7337,0.7395,60,0.4420,0.5543,44,0.8451,0.7395,35,0.4006,0.5543,24,0.7979,0.7395,16,0.3886,0.5543,12,0.7257,0.7444,69,0.6483,0.5778,106,Earnings Wed Oct 14
CAT,Caterpillar Inc.,Industrials,813.8300,-0.0575,45.5501,22.9788,Up,SMA100 69% vs 50% (n=22) | SMA200 81% vs 68% (n=19),47.5027,0.4861,0.0999,0.0330,1.4011,0.5650,-0.0014,-0.0098,0.0206,4.4577,SMA200,0.6102,0.8143,19,0.6820,39.2339,SMA200,0.6102,0.5034,0.6197,17,34.4874,45.5501,22.9788,-0.0277,-0.1676,Down,True,,,0,,,0.5840,0.6820,88,0.6002,0.5034,86,0.6679,0.6820,45,0.5535,0.5034,43,0.5260,0.6820,24,0.6928,0.5034,22,0.8143,0.6820,19,0.6197,0.5034,17,0.7855,0.6923,67,0.4266,0.4887,92,
GNRC,Generac,Industrials,221.3400,-0.0102,45.3211,12.4315,Mixed,SMA100 76% vs 58% (n=37) | SMA200 74% vs 58% (n=25),61.9263,0.8341,0.2895,0.0438,0.5832,0.5354,0.0967,0.0952,0.0357,2.9189,SMA100,-0.6600,0.7639,37,0.5800,51.4929,,,,,0,0.0000,45.3211,12.4315,0.1464,-0.0981,Up,False,,,0,,,0.6328,0.5800,85,0.6775,0.6475,81,0.6408,0.5800,48,0.5657,0.6475,43,0.7639,0.5800,37,0.6397,0.6475,36,0.7352,0.5800,25,0.5031,0.6475,25,0.6340,0.6122,74,0.5502,0.5906,73,
FRT,Federal Realty Investment Trust,Real Estate,105.1100,-0.0103,44.9864,14.0000,Mixed,SMA200 77% vs 65% (n=24) | BB lower 77% vs 66% (n=83),22.6911,0.0749,0.0899,0.0161,0.9965,0.4636,-0.0382,-0.0790,-0.0471,-0.1623,BB lower,0.4354,0.7661,83,0.6633,36.4800,,,,,0,0.0000,44.9864,14.0000,-0.1111,-0.1565,Down,False,,,0,,,0.6690,0.6468,103,0.5935,0.6798,100,0.6027,0.6468,65,0.5953,0.6798,56,0.7036,0.6468,48,0.6300,0.6798,40,0.7710,0.6468,24,0.5906,0.6798,26,0.7661,0.6633,83,0.7100,0.6696,104,
CHD,Church & Dwight,Consumer Staples,96.7500,0.0022,44.8368,8.5222,Up,SMA200 79% vs 62% (n=41) | SMA100 73% vs 62% (n=54),52.7314,0.9557,0.0357,0.0163,0.9799,0.6562,0.0163,-0.0150,0.0107,0.2976,SMA200,0.6500,0.7881,41,0.6158,48.8031,,,,,0,0.0000,44.8368,8.5222,-0.0150,-0.0221,Down,False,,,0,,,0.6419,0.6158,112,0.6374,0.6635,99,0.6640,0.6158,72,0.6571,0.6635,67,0.7321,0.6158,54,0.5970,0.6635,44,0.7881,0.6158,41,0.5057,0.6635,23,0.6947,0.7064,85,0.7361,0.7052,99,
INTC,Intel,Information Technology,113.1200,0.0055,42.9898,5.1000,Up,SMA100 71% vs 57% (n=43),52.6709,0.4924,0.3256,0.0519,0.7624,0.7330,-0.0025,0.1057,0.3738,-0.9652,SMA100,0.8369,0.7079,43,0.5676,31.0148,,,,,0,0.0000,42.9898,5.1000,0.0656,-0.0313,Up,False,,,0,,,0.5880,0.5676,90,0.6470,0.6169,91,0.5511,0.5676,60,0.5525,0.6169,62,0.7079,0.5676,43,0.6302,0.6169,38,0.5932,0.5676,15,0.6036,0.6169,15,0.7412,0.7037,74,0.5796,0.6066,83,
KHC,Kraft Heinz,Consumer Staples,21.9800,-0.0023,41.5227,14.0000,Mixed,BB lower 72% vs 61% (n=80),25.7579,0.0952,0.1684,0.0263,0.7200,0.2249,-0.0682,-0.1032,-0.0541,-0.1970,BB lower,0.6543,0.7197,80,0.6128,30.1256,,,,,0,0.0000,41.5227,14.0000,-0.1345,-0.1317,Down,False,,,0,,,0.5954,0.6398,91,0.7256,0.6400,96,0.6603,0.6398,65,0.5713,0.6400,67,0.5774,0.6398,42,0.7193,0.6400,51,0.6810,0.6398,35,0.5624,0.6400,29,0.7197,0.6128,80,0.6344,0.6154,85,
NDAQ,"Nasdaq, Inc.",Financials,91.9300,-0.0037,40.0684,6.0000,Up,SMA200 82% vs 66% (n=26) | BB upper 72% vs 60% (n=97),45.3728,0.4539,0.0741,0.0232,0.9043,0.6390,-0.0034,-0.0283,0.0205,-0.0649,SMA200,0.8674,0.8219,26,0.6642,33.2516,,,,,0,0.0000,40.0684,6.0000,-0.0467,0.0174,Down,False,,,0,,,0.6204,0.6642,97,0.6015,0.5861,93,0.6721,0.6642,55,0.5990,0.5861,50,0.7045,0.6642,31,0.5336,0.5861,36,0.8219,0.6642,26,0.5132,0.5861,22,0.6942,0.6895,72,0.7169,0.6006,97,Earnings Thu Oct 22
STX,Seagate Technology,Information Technology,807.5700,0.0024,38.3529,6.0000,Up,BB lower 81% vs 70% (n=71),42.5147,0.2327,0.2492,0.0693,0.9606,0.6412,-0.0666,-0.0564,0.2274,-9.2342,BB lower,0.8966,0.8109,71,0.7045,21.4106,,,,,0,0.0000,38.3529,6.0000,-0.1236,-0.1285,Down,False,,,0,,,0.7563,0.6584,96,0.4865,0.5612,89,0.6302,0.6584,70,0.5753,0.5612,59,0.6341,0.6584,38,0.6248,0.5612,30,0.6317,0.6584,16,0.4528,0.5612,12,0.8109,0.7045,71,0.4721,0.5952,90,
WRB,W. R. Berkley Corporation,Financials,69.7300,0.0011,38.2940,0.0000,Up,SMA50 76% vs 66% (n=69),54.7392,0.6471,0.0688,0.0186,0.5864,0.4967,0.0101,0.0011,0.0192,0.2211,SMA50,0.0578,0.7622,69,0.6603,48.9953,,,,,0,0.0000,38.2940,0.0000,-0.0164,-0.0642,Mixed,False,,,0,,,0.7099,0.6603,111,0.4682,0.6511,87,0.7622,0.6603,69,0.5369,0.6511,53,0.6660,0.6603,36,0.6046,0.6511,40,0.6656,0.6603,21,0.5802,0.6511,16,0.7927,0.7597,73,0.6302,0.6361,100,Earnings Mon Oct 19
DOC,Healthpeak Properties,Real Estate,18.6600,-0.0179,38.2500,6.0000,Up,,25.7055,-0.0796,0.1163,0.0220,0.8984,0.4764,-0.0674,-0.0941,0.0080,-0.1506,,,,0,,0.0000,,,,,0,0.0000,38.2500,6.0000,-0.1028,-0.1588,Down,False,,,0,,,0.6721,0.6425,101,0.6321,0.6311,87,0.6183,0.6425,60,0.6750,0.6311,59,0.6948,0.6425,40,0.5550,0.6311,51,0.5627,0.6425,29,0.6881,0.6311,36,0.6116,0.6091,85,0.6345,0.6181,85,
GL,Globe Life,Financials,163.4100,-0.0173,38.0425,8.1629,Up,SMA200 80% vs 66% (n=28),30.1189,0.0826,0.0733,0.0185,1.2163,0.5687,-0.0306,-0.0588,0.0398,-0.2020,,,,0,,0.0000,,,,,0,0.0000,38.0425,8.1629,-0.0579,-0.1211,Down,True,,,0,,,0.6772,0.6632,121,0.5338,0.6287,100,0.7631,0.6632,65,0.6051,0.6287,58,0.7579,0.6632,47,0.5290,0.6287,31,0.8016,0.6632,28,0.5006,0.6287,19,0.7760,0.7695,76,0.6671,0.6783,117,
ADBE,Adobe Inc.,Information Technology,232.7700,-0.0225,37.5304,16.0545,Mixed,BB lower 74% vs 56% (n=87),38.0035,0.1967,0.1467,0.0376,1.2054,0.2457,-0.0445,-0.0993,-0.0982,-0.3712,BB lower,0.8041,0.7389,87,0.5592,41.6742,,,,,0,0.0000,37.5304,16.0545,-0.1124,0.0089,Down,True,,,0,,,0.6452,0.6382,79,0.5727,0.6367,86,0.5178,0.6382,55,0.6424,0.6367,56,0.5485,0.6382,28,0.6550,0.6367,35,0.5647,0.6382,20,0.6061,0.6367,20,0.7389,0.5592,87,0.6783,0.6547,78,
WELL,Welltower,Real Estate,221.1200,-0.0206,37.1410,6.0000,Up,SMA100 80% vs 65% (n=39),33.2618,-0.1259,0.0663,0.0223,0.9807,0.6434,-0.0415,-0.0552,0.0357,-0.9513,,,,0,,0.0000,,,,,0,0.0000,37.1410,6.0000,-0.0852,-0.0803,Down,False,SMA100,0.8046,39,-1.3784,0.6494,0.6854,0.6494,99,0.4893,0.6165,93,0.7478,0.6494,65,0.5189,0.6165,47,0.8046,0.6494,39,0.4586,0.6165,21,0.6907,0.6494,7,0.5466,0.6165,6,0.7545,0.7091,70,0.7083,0.6444,114,
SOLV,Solventum,Health Care,85.8800,-0.0133,37.0290,5.9266,Up,SMA100 81% vs 54% (n=27) | SMA200 75% vs 54% (n=23),37.2679,-0.1248,0.0455,0.0221,1.0972,0.7395,-0.0284,-0.0291,0.1004,-0.3977,SMA100,1.4864,0.8120,27,0.5432,0.9058,,,,,0,0.0000,37.0290,5.9266,-0.0642,0.0941,Mixed,False,,,0,,,0.6078,0.5432,44,0.6205,0.7217,49,0.5204,0.5432,29,0.7469,0.7217,32,0.8120,0.5432,27,0.3803,0.7217,22,0.7471,0.5432,23,0.5184,0.7217,17,0.6799,0.7292,40,0.6446,0.6627,42,
TGT,Target Corporation,Consumer Staples,150.9200,-0.0221,37.0268,6.9523,Up,,39.0456,-0.1437,0.0537,0.0248,1.2179,0.7786,-0.0346,-0.0338,0.1775,-0.8590,,,,0,,0.0000,,,,,0,0.0000,37.0268,6.9523,-0.0897,0.1133,Mixed,True,,,0,,,0.5546,0.6423,98,0.5940,0.6463,98,0.5692,0.6423,62,0.6540,0.6463,55,0.6100,0.6423,33,0.6560,0.6463,35,0.7321,0.6423,20,0.5244,0.6463,20,0.6079,0.6488,71,0.6131,0.6646,77,
CBOE,Cboe Global Markets,Financials,281.5700,0.0121,36.9419,10.6986,Mixed,SMA200 80% vs 66% (n=28) | SMA100 77% vs 66% (n=54),53.1274,0.7810,0.1238,0.0390,0.7182,0.3853,0.0348,-0.0177,-0.0167,2.1906,SMA200,-0.4359,0.8011,28,0.6591,50.3854,,,,,0,0.0000,36.9419,10.6986,-0.0573,0.0176,Down,False,,,0,,,0.6608,0.6591,115,0.5790,0.6727,106,0.6992,0.6591,77,0.6372,0.6727,63,0.7696,0.6591,54,0.5562,0.6727,35,0.8011,0.6591,28,0.4345,0.6727,16,0.8209,0.8108,84,0.7104,0.6738,111,
LIN,Linde plc,Materials,483.9800,-0.0122,36.9348,19.4000,Down,SMA200 78% vs 67% (n=25) | SMA50 77% vs 67% (n=73),57.7952,0.9144,0.0740,0.0172,0.8949,0.6156,0.0307,0.0120,-0.0011,3.1478,SMA200,-0.0629,0.7818,25,0.6682,54.4269,,,,,0,0.0000,36.9348,19.4000,0.0161,-0.1126,Up,False,,,0,,,0.6637,0.6682,107,0.5275,0.6181,86,0.7750,0.6682,73,0.4602,0.6181,47,0.7076,0.6682,45,0.6135,0.6181,31,0.7818,0.6682,25,0.5939,0.6181,17,0.7483,0.7157,76,0.7233,0.6524,95,
MMM,3M,Industrials,162.1200,-0.0093,36.8753,6.4395,Up,SMA200 74% vs 63% (n=21),38.9552,0.2145,0.0668,0.0209,1.0440,0.5231,-0.0191,-0.0586,0.0164,-0.2172,SMA200,0.7711,0.7410,21,0.6314,26.6442,,,,,0,0.0000,36.8753,6.4395,-0.0495,0.0117,Down,False,,,0,,,0.6623,0.6314,104,0.5706,0.6592,90,0.5773,0.6314,61,0.6716,0.6592,58,0.7006,0.6314,41,0.4675,0.6592,38,0.7410,0.6314,21,0.6017,0.6592,17,0.7126,0.6809,77,0.6699,0.6553,85,Earnings Tue Oct 20
BBY,Best Buy,Consumer Discretionary,84.5900,-0.0031,36.7501,8.9505,Up,SMA100 75% vs 63% (n=45),39.6516,0.0299,0.1299,0.0337,1.2950,0.7205,-0.0610,-0.0261,0.1808,-1.0004,,,,0,,0.0000,,,,,0,0.0000,36.7501,8.9505,-0.0603,0.0321,Down,True,,,0,,,0.5671,0.6693,103,0.6716,0.6345,104,0.6457,0.6693,59,0.5929,0.6345,61,0.5744,0.6693,32,0.7457,0.6345,45,0.7066,0.6693,38,0.4709,0.6345,29,0.7780,0.6994,87,0.6848,0.6842,92,
PFG,Principal Financial Group,Financials,108.7300,-0.0088,36.6390,6.0000,Up,,34.7382,-0.0344,0.0895,0.0211,0.8974,0.7286,-0.0478,-0.0394,0.0805,-0.7893,,,,0,,0.0000,,,,,0,0.0000,36.6390,6.0000,-0.0721,-0.0554,Down,False,,,0,,,0.7045,0.7075,115,0.5489,0.6245,88,0.7320,0.7075,75,0.4850,0.6245,63,0.6698,0.7075,48,0.5540,0.6245,33,0.6918,0.7075,29,0.5399,0.6245,21,0.7433,0.6996,63,0.6347,0.5938,99,
INCY,Incyte,Health Care,113.4400,0.0063,36.5277,6.0000,Up,,32.2620,0.0392,0.1465,0.0291,0.7396,0.6151,-0.0675,-0.0785,0.0592,-1.4082,,,,0,,0.0000,,,,,0,0.0000,36.5277,6.0000,-0.1053,-0.0794,Down,False,,,0,,,0.6854,0.6211,93,0.5932,0.6349,93,0.7014,0.6211,58,0.5007,0.6349,57,0.6791,0.6211,35,0.5931,0.6349,34,0.6814,0.6211,29,0.6513,0.6349,26,0.7078,0.6763,86,0.6700,0.6615,91,
IQV,IQVIA,Health Care,258.1100,-0.0072,36.0431,5.1000,Up,,45.8831,0.0911,0.0744,0.0293,0.8572,0.8430,-0.0304,0.0075,0.2504,-2.3074,,,,0,,0.0000,,,,,0,0.0000,36.0431,5.1000,-0.0215,0.1986,Up,False,,,0,,,0.6305,0.6966,94,0.5783,0.5898,90,0.6325,0.6966,51,0.5948,0.5898,42,0.6197,0.6966,36,0.5990,0.5898,35,0.6183,0.6966,28,0.5563,0.5898,29,0.6866,0.6678,80,0.7163,0.6508,82,
PRU,Prudential Financial,Financials,112.3600,-0.0104,35.2198,6.3693,Up,,34.0803,0.0806,0.0864,0.0206,1.0369,0.6206,-0.0362,-0.0561,0.0537,-0.5009,,,,0,,0.0000,,,,,0,0.0000,35.2198,6.3693,-0.0760,-0.0482,Down,False,,,0,,,0.6687,0.7225,105,0.5559,0.5915,92,0.6650,0.7225,62,0.5840,0.5915,48,0.6147,0.7225,43,0.6461,0.5915,43,0.6633,0.7225,29,0.4959,0.5915,29,0.7223,0.6678,80,0.6123,0.6133,98,
MCK,McKesson Corporation,Health Care,910.3300,-0.0123,34.8401,4.4283,Up,SMA50 84% vs 67% (n=67) | SMA20 78% vs 67% (n=109),57.4922,0.8114,0.0859,0.0260,0.9253,0.6851,0.0268,0.0333,0.0741,3.8084,SMA20,1.0026,0.7759,109,0.6679,17.8911,,,,,0,0.0000,34.8401,4.4283,0.0066,0.1129,Up,False,,,0,,,0.7759,0.6679,109,0.4110,0.6013,87,0.8404,0.6679,67,0.4368,0.6013,45,0.6668,0.6679,24,0.6216,0.6013,24,0.7196,0.6679,15,0.4628,0.6013,12,0.8143,0.7786,60,0.6608,0.5903,104,
EG,Everest Group,Financials,362.3000,-0.0124,34.7735,6.0636,Up,,38.3569,0.0284,0.0515,0.0185,1.0064,0.6403,-0.0243,-0.0242,0.0489,-0.9984,,,,0,,0.0000,,,,,0,0.0000,34.7735,6.0636,-0.0323,-0.0546,Down,False,,,0,,,0.6855,0.7209,114,0.6182,0.6917,104,0.6690,0.7209,90,0.5641,0.6917,86,0.5401,0.7209,68,0.6636,0.6917,71,0.5797,0.7209,51,0.6033,0.6917,47,0.8097,0.7414,75,0.7043,0.6810,95,
SJM,J.M. Smucker Company (The),Consumer Staples,115.9300,-0.0074,34.6545,6.0000,Up,,35.9532,0.0647,0.0815,0.0237,0.8082,0.5961,-0.0355,-0.0496,0.0800,-0.6646,,,,0,,0.0000,,,,,0,0.0000,34.6545,6.0000,-0.0873,0.0189,Down,False,,,0,,,0.6014,0.6402,110,0.6025,0.6630,95,0.6536,0.6402,55,0.6896,0.6630,68,0.7305,0.6402,57,0.5344,0.6630,44,0.7223,0.6402,48,0.4730,0.6630,46,0.7467,0.6842,76,0.6885,0.6462,84,
AJG,Arthur J. Gallagher & Co.,Financials,227.1000,-0.0120,34.4863,14.0000,Mixed,SMA200 83% vs 67% (n=15) | BB upper 72% vs 60% (n=97),38.1114,0.2614,0.1340,0.0281,0.7301,0.3128,-0.0320,-0.0831,-0.0187,-0.0971,SMA200,-0.6795,0.8254,15,0.6706,42.3384,,,,,0,0.0000,34.4863,14.0000,-0.1141,-0.1392,Down,False,,,0,,,0.6847,0.6706,108,0.5801,0.5668,93,0.6331,0.6706,65,0.6486,0.5668,55,0.6746,0.6706,40,0.5748,0.5668,33,0.8254,0.6706,15,0.4821,0.5668,9,0.7367,0.6808,73,0.7169,0.6019,97,
NWSA,News Corp (Class A),Communication Services,28.6100,0.0021,34.3673,5.1000,Up,SMA200 77% vs 59% (n=25) | SMA100 70% vs 59% (n=45),43.4178,0.3013,0.0990,0.0243,0.8628,0.6908,-0.0197,-0.0256,0.0799,-0.0730,SMA100,1.0215,0.7016,45,0.5943,17.1052,,,,,0,0.0000,34.3673,5.1000,-0.0546,0.0077,Mixed,False,,,0,,,0.6473,0.5943,114,0.6855,0.6870,89,0.6922,0.5943,63,0.6572,0.6870,58,0.7016,0.5943,45,0.6687,0.6870,36,0.7716,0.5943,25,0.6696,0.6870,24,0.7265,0.7118,77,0.7200,0.6705,90,
BNY,BNY Mellon,Financials,142.7200,-0.0070,34.3158,6.0000,Up,,24.4453,0.1620,0.1542,0.0201,0.5110,0.6420,-0.0521,-0.0884,0.0452,-0.7020,,,,0,,0.0000,,,,,0,0.0000,34.3158,6.0000,-0.1408,-0.0954,Down,False,,,0,,,0.7709,0.7366,101,0.4770,0.5292,78,0.7189,0.7366,46,0.6083,0.5292,34,0.7124,0.7366,24,0.5228,0.5292,23,0.8056,0.7366,22,0.4144,0.5292,18,0.7362,0.7520,68,0.5874,0.5515,107,Earnings Thu Oct 15
DGX,Quest Diagnostics,Health Care,227.0600,-0.0058,33.7105,6.0000,Up,SMA100 73% vs 63% (n=43),38.2351,0.1472,0.1054,0.0229,0.7664,0.7379,-0.0372,-0.0411,0.1065,-1.2878,SMA100,1.3868,0.7345,43,0.6304,3.9282,,,,,0,0.0000,33.7105,6.0000,-0.0495,0.0589,Down,False,,,0,,,0.6492,0.6304,100,0.6077,0.6913,96,0.6784,0.6304,69,0.5588,0.6913,60,0.7345,0.6304,43,0.6621,0.6913,47,0.7009,0.6304,21,0.5550,0.6913,19,0.7667,0.7587,73,0.6702,0.5891,98,Earnings Thu Oct 22
WDC,Western Digital,Information Technology,405.4200,-0.0137,33.6056,6.0000,Up,,39.4404,0.0591,0.1830,0.0703,0.8471,0.4265,-0.0807,-0.1217,0.0046,-3.0380,,,,0,,0.0000,,,,,0,0.0000,33.6056,6.0000,-0.1678,-0.3349,Down,False,,,0,,,0.7151,0.7000,102,0.5616,0.6049,84,0.6043,0.7000,42,0.5912,0.6049,39,0.5697,0.7000,29,0.6006,0.6049,30,0.6963,0.7000,23,0.4758,0.6049,20,0.6360,0.7217,54,0.5969,0.5648,107,
NTRS,Northern Trust,Financials,168.1800,-0.0076,33.5851,6.1464,Up,,32.0092,0.1691,0.1266,0.0214,1.0146,0.6501,-0.0419,-0.0719,0.0382,-0.5422,,,,0,,0.0000,,,,,0,0.0000,33.5851,6.1464,-0.1075,-0.1124,Down,False,,,0,,,0.6555,0.7075,101,0.5855,0.5945,94,0.6690,0.7075,66,0.5238,0.5945,54,0.6879,0.7075,35,0.6216,0.5945,32,0.7887,0.7075,11,0.5315,0.5945,8,0.6909,0.6633,78,0.5791,0.6095,90,Earnings Wed Oct 21
DE,Deere & Company,Industrials,656.8700,-0.0380,33.5210,5.1000,Up,,43.9089,-0.0520,0.0662,0.0283,0.9645,0.7851,-0.0366,0.0102,0.1174,-4.6816,,,,0,,0.0000,,,,,0,0.0000,33.5210,5.1000,-0.0500,0.0740,Mixed,False,,,0,,,0.5108,0.6634,103,0.6687,0.6348,97,0.6571,0.6634,67,0.5520,0.6348,64,0.7158,0.6634,50,0.4441,0.6348,40,0.6735,0.6634,43,0.5707,0.6348,39,0.7623,0.7119,85,0.6566,0.6806,90,
J,Jacobs Solutions,Industrials,136.3500,-0.0207,33.5144,8.3623,Up,,40.7938,0.1782,0.0878,0.0264,1.3838,0.5077,-0.0283,-0.0477,0.0280,-0.2925,,,,0,,0.0000,,,,,0,0.0000,33.5144,8.3623,-0.0721,0.0497,Mixed,True,,,0,,,0.6417,0.7556,102,0.6694,0.5707,101,0.5741,0.7556,57,0.6659,0.5707,61,0.7296,0.7556,44,0.5167,0.5707,43,0.6672,0.7556,35,0.6655,0.5707,40,0.7958,0.7574,84,0.6741,0.5969,93,
QCOM,Qualcomm,Information Technology,177.1200,-0.0216,33.4248,5.1000,Up,SMA200 69% vs 59% (n=43),45.9307,0.1821,0.1547,0.0432,0.5620,0.4115,-0.0492,0.0311,0.0545,-2.1202,,,,0,,0.0000,,,,,0,0.0000,33.4248,5.1000,0.0002,-0.1047,Up,False,,,0,,,0.6294,0.6782,102,0.5912,0.5877,93,0.6452,0.6782,56,0.5524,0.5877,60,0.6767,0.6782,34,0.6522,0.5877,41,0.5296,0.6782,37,0.6883,0.5877,43,0.6619,0.6507,80,0.6431,0.6656,81,
BMY,Bristol Myers Squibb,Health Care,59.7000,0.0018,32.9071,6.0000,Up,SMA50 75% vs 64% (n=66),37.9466,0.1087,0.0841,0.0238,0.8562,0.6975,-0.0329,-0.0627,0.0251,-0.2641,,,,0,,0.0000,,,,,0,0.0000,32.9071,6.0000,-0.0848,0.0045,Down,False,,,0,,,0.6607,0.6734,103,0.5578,0.6410,101,0.5762,0.6734,51,0.7509,0.6410,66,0.5529,0.6734,28,0.7379,0.6410,32,0.6347,0.6734,16,0.6068,0.6410,20,0.6895,0.6519,81,0.6848,0.6706,89,
NEM,Newmont,Materials,113.5400,-0.0245,32.7838,5.1000,Up,,38.9054,0.1004,0.1453,0.0335,0.7050,0.6402,-0.0581,-0.0464,0.0197,-1.1684,,,,0,,0.0000,,,,,0,0.0000,32.7838,5.1000,-0.1238,0.1635,Mixed,False,,,0,,,0.6971,0.6787,96,0.5590,0.5485,84,0.6415,0.6787,47,0.5499,0.5485,40,0.5612,0.6787,24,0.5210,0.5485,29,0.7381,0.6787,20,0.5997,0.5485,18,0.5766,0.6581,63,0.5716,0.5405,96,Earnings Thu Oct 22
PKG,Packaging Corporation of America,Materials,227.2500,-0.0108,32.6226,6.0000,Up,SMA50 79% vs 68% (n=63),38.2555,0.1161,0.0648,0.0219,0.8109,0.5659,-0.0249,-0.0549,0.0131,-0.4617,,,,0,,0.0000,,,,,0,0.0000,32.6226,6.0000,-0.0313,-0.0177,Down,False,,,0,,,0.6967,0.6822,109,0.6046,0.6608,93,0.7870,0.6822,63,0.5129,0.6608,46,0.7793,0.6822,38,0.4469,0.6608,31,0.7009,0.6822,27,0.6451,0.6608,28,0.7553,0.7338,78,0.6409,0.6121,95,Earnings Wed Oct 21
C,Citigroup,Financials,127.3200,-0.0093,32.5230,6.0000,Up,,36.9170,0.1390,0.1027,0.0249,0.8016,0.6415,-0.0371,-0.0472,0.0161,-0.5340,,,,0,,0.0000,,,,,0,0.0000,32.5230,6.0000,-0.0861,-0.1196,Down,False,,,0,,,0.6473,0.6976,93,0.6142,0.5870,91,0.5539,0.6976,57,0.5851,0.5870,53,0.6198,0.6976,36,0.6144,0.5870,34,0.6091,0.6976,17,0.5145,0.5870,20,0.6884,0.6578,71,0.5946,0.6282,86,Earnings Tue Oct 13
INVH,Invitation Homes,Real Estate,25.8600,-0.0201,32.4212,11.6147,Mixed,,27.2858,0.0165,0.0614,0.0173,1.3615,0.3394,-0.0297,-0.0857,-0.0514,0.0207,,,,0,,0.0000,,,,,0,0.0000,32.4212,11.6147,-0.0905,-0.1461,Down,True,,,0,,,0.6497,0.6798,111,0.6623,0.7136,106,0.5246,0.6798,66,0.7037,0.7136,64,0.6881,0.6798,45,0.6190,0.7136,41,0.5369,0.6798,29,0.7330,0.7136,34,0.6540,0.6182,90,0.7138,0.7035,77,
PGR,Progressive Corporation,Financials,214.1200,0.0098,32.3608,0.0000,Up,SMA100 81% vs 71% (n=45),52.7251,0.6046,0.0985,0.0202,0.8547,0.5125,0.0103,0.0003,0.0284,0.5610,SMA100,0.5125,0.8128,45,0.7070,34.8392,,,,,0,0.0000,32.3608,0.0000,-0.0204,-0.1031,Mixed,False,,,0,,,0.6278,0.7070,112,0.5808,0.5845,93,0.5521,0.7070,79,0.6278,0.5845,73,0.8128,0.7070,45,0.5427,0.5845,39,0.7061,0.7070,17,0.4915,0.5845,15,0.8066,0.7860,78,0.6985,0.6604,100,Earnings Wed Oct 21
JPM,JPMorgan Chase,Financials,329.5800,-0.0051,32.2909,6.0000,Up,,33.8112,0.1920,0.1005,0.0182,0.8242,0.6083,-0.0309,-0.0559,0.0335,-0.9247,,,,0,,0.0000,,,,,0,0.0000,32.2909,6.0000,-0.0803,-0.0492,Down,False,,,0,,,0.6750,0.7248,104,0.5899,0.5358,81,0.7317,0.7248,56,0.5029,0.5358,46,0.6953,0.7248,39,0.4762,0.5358,32,0.6411,0.7248,13,0.5090,0.5358,12,0.6858,0.6875,70,0.5532,0.5545,94,Earnings Tue Oct 13
HSIC,Henry Schein,Health Care,83.6600,-0.0139,32.2676,6.3213,Up,,39.0580,0.1308,0.0673,0.0223,1.0321,0.7182,-0.0248,-0.0455,0.0409,-0.1515,,,,0,,0.0000,,,,,0,0.0000,32.2676,6.3213,-0.0757,-0.0389,Down,False,,,0,,,0.6323,0.6743,92,0.6465,0.7049,104,0.6359,0.6743,60,0.6781,0.7049,68,0.6611,0.6743,50,0.6331,0.7049,51,0.6547,0.6743,49,0.7164,0.7049,46,0.6897,0.6647,97,0.6774,0.6763,93,
ABNB,Airbnb,Consumer Discretionary,160.6300,0.0015,32.1433,0.0000,Up,SMA100 72% vs 61% (n=55) | SMA200 71% vs 61% (n=33),44.2852,0.4290,0.1417,0.0313,0.5335,0.6028,-0.0101,-0.0582,0.1161,0.3753,SMA100,1.0608,0.7196,55,0.6136,15.5085,,,,,0,0.0000,32.1433,0.0000,-0.0969,0.0570,Mixed,False,,,0,,,0.5428,0.6136,100,0.7709,0.6794,102,0.6390,0.6136,64,0.6183,0.6794,57,0.7196,0.6136,55,0.5418,0.6794,49,0.7150,0.6136,33,0.6038,0.6794,27,0.7409,0.6877,78,0.6494,0.6117,86,
KO,Coca-Cola Company (The),Consumer Staples,85.8200,-0.0041,31.7316,6.0000,Up,SMA50 71% vs 59% (n=56),40.9878,0.1146,0.0452,0.0143,0.8152,0.7796,-0.0174,-0.0211,0.0811,-0.2408,,,,0,,0.0000,,,,,0,0.0000,31.7316,6.0000,-0.0402,0.0083,Down,False,,,0,,,0.6541,0.5926,99,0.5882,0.7056,96,0.7062,0.5926,56,0.6150,0.7056,51,0.6602,0.5926,42,0.5566,0.7056,37,0.6587,0.5926,33,0.6054,0.7056,37,0.6907,0.6780,81,0.6825,0.6431,95,
SNA,Snap-on,Industrials,359.8900,-0.0237,31.7110,10.3071,Mixed,,29.6826,-0.1212,0.0441,0.0174,1.2307,0.4400,-0.0274,-0.0694,-0.0427,0.3123,,,,0,,0.0000,,,,,0,0.0000,31.7110,10.3071,-0.0698,-0.1313,Down,True,,,0,,,0.6604,0.6607,106,0.5677,0.6872,103,0.6663,0.6607,63,0.5458,0.6872,67,0.7577,0.6607,47,0.5802,0.6872,49,0.6411,0.6607,36,0.5833,0.6872,35,0.7737,0.7247,76,0.6904,0.6637,94,Earnings Thu Oct 15
D,Dominion Energy,Utilities,61.5300,-0.0076,31.2045,8.0000,Mixed,SMA200 85% vs 60% (n=27) | SMA100 78% vs 60% (n=48),39.9172,0.3880,0.1010,0.0175,0.8723,0.4070,-0.0113,-0.0538,-0.0284,0.1590,SMA20,-0.6549,0.7034,116,0.6022,28.5056,,,,,0,0.0000,31.2045,8.0000,-0.0880,-0.1416,Down,False,,,0,,,0.7034,0.6022,116,0.5732,0.7225,97,0.6818,0.6022,67,0.5697,0.7225,59,0.7771,0.6022,48,0.6222,0.7225,36,0.8519,0.6022,27,0.5205,0.7225,15,0.6704,0.6698,88,0.7476,0.6918,92,
CF,CF Industries,Materials,114.4400,-0.0136,30.8616,6.6941,Up,,35.6876,0.2489,0.2598,0.0373,1.0694,0.5957,-0.0652,-0.0760,0.0191,-0.8815,,,,0,,0.0000,,,,,0,0.0000,30.8616,6.6941,-0.1653,-0.0276,Down,False,,,0,,,0.6073,0.6739,91,0.6126,0.6787,100,0.7161,0.6739,64,0.6046,0.6787,65,0.6522,0.6739,40,0.6760,0.6787,37,0.6582,0.6739,32,0.6580,0.6787,29,0.7843,0.7196,80,0.6400,0.5902,95,
CME,CME Group,Financials,270.2700,0.0003,30.6276,17.0000,Down,SMA200 86% vs 67% (n=35),51.2468,0.5159,0.0758,0.0220,0.7627,0.5244,0.0012,-0.0011,-0.0157,-0.1007,SMA200,-0.7250,0.8636,35,0.6698,50.0566,,,,,0,0.0000,30.6276,17.0000,-0.0413,0.0963,Mixed,False,,,0,,,0.7228,0.6698,109,0.5486,0.6271,99,0.6707,0.6698,82,0.5726,0.6271,65,0.7305,0.6698,38,0.5490,0.6271,37,0.8636,0.6698,35,0.3754,0.6271,16,0.7845,0.7581,84,0.6927,0.6829,88,Earnings Wed Oct 21
GPC,Genuine Parts Company,Consumer Discretionary,125.4100,-0.0155,30.6183,5.1000,Up,,40.0194,0.1740,0.0824,0.0235,0.9767,0.6225,-0.0269,-0.0455,0.0620,-0.3397,,,,0,,0.0000,,,,,0,0.0000,30.6183,5.1000,-0.0817,-0.0195,Mixed,False,,,0,,,0.7296,0.6518,101,0.5037,0.5875,90,0.6163,0.6518,70,0.6713,0.5875,71,0.7267,0.6518,45,0.5451,0.5875,37,0.5949,0.6518,34,0.6672,0.5875,28,0.6421,0.5930,76,0.7344,0.6415,88,Earnings Tue Oct 20
VZ,Verizon,Communication Services,45.7700,-0.0046,30.5771,39.2599,Up,SMA200 67% vs 54% (n=20),34.3093,0.2556,0.1597,0.0189,0.7283,0.6097,-0.0390,-0.0510,0.0023,-0.2135,,,,0,,0.0000,SMA200,0.1202,0.5422,0.6737,20,60.4725,30.5771,39.2599,-0.1093,0.0655,Down,False,,,0,,,0.5969,0.6728,96,0.6282,0.5422,87,0.5531,0.6728,75,0.6135,0.5422,68,0.6489,0.6728,51,0.5651,0.5422,37,0.6520,0.6728,17,0.6737,0.5422,20,0.6871,0.6632,77,0.7131,0.6529,81,
HUM,Humana,Health Care,396.5100,-0.0192,30.4455,4.2500,Up,,53.8862,0.6441,0.1120,0.0354,1.5336,0.8788,0.0161,0.0265,0.3457,1.4963,,,,0,,0.0000,,,,,0,0.0000,30.4455,4.2500,-0.0335,-0.0396,Up,True,,,0,,,0.6633,0.6651,98,0.5627,0.6600,86,0.6140,0.6651,72,0.5724,0.6600,67,0.6461,0.6651,45,0.6282,0.6600,40,0.5771,0.6651,37,0.5805,0.6600,35,0.6184,0.6549,73,0.6443,0.6409,90,
GS,Goldman Sachs,Financials,887.2100,-0.0111,30.3057,14.6637,Mixed,SMA100 68% vs 56% (n=27) | BB lower 79% vs 68% (n=79),30.0758,0.1808,0.1695,0.0261,1.0664,0.3821,-0.0541,-0.1057,-0.0686,-2.5763,BB lower,1.2430,0.7919,79,0.6818,9.4281,,,,,0,0.0000,30.3057,14.6637,-0.1613,-0.1922,Down,False,,,0,,,0.5847,0.7458,102,0.6106,0.5560,93,0.5804,0.7458,58,0.6004,0.5560,53,0.6662,0.7458,29,0.6846,0.5560,27,0.6917,0.7458,22,0.5750,0.5560,19,0.7919,0.6818,79,0.5790,0.6062,90,Earnings Tue Oct 13
VRSN,Verisign,Information Technology,294.2200,0.0038,30.2250,9.3500,Up,,54.4375,0.5422,0.0995,0.0241,2.1026,0.8342,0.0042,0.0149,0.1082,-0.2286,,,,0,,0.0000,,,,,0,0.0000,30.2250,9.3500,0.0254,0.0565,Up,True,,,0,,,0.7043,0.6930,105,0.5880,0.6130,92,0.7265,0.6930,59,0.5383,0.6130,47,0.6865,0.6930,35,0.6011,0.6130,45,0.7220,0.6930,22,0.7097,0.6130,22,0.7372,0.6912,73,0.6272,0.6173,94,Earnings Thu Oct 22
VTR,Ventas,Real Estate,80.0400,-0.0222,30.0412,14.3426,Mixed,,21.4535,-0.0780,0.1173,0.0221,1.0343,0.4126,-0.0678,-0.1019,-0.0577,-0.5066,,,,0,,0.0000,,,,,0,0.0000,30.0412,14.3426,-0.1212,-0.1588,Down,False,,,0,,,0.6245,0.6741,98,0.5779,0.6204,92,0.6783,0.6741,56,0.5274,0.6204,50,0.6134,0.6741,33,0.6709,0.6204,31,0.6679,0.6741,21,0.6601,0.6204,24,0.6913,0.6900,81,0.5738,0.5908,89,
GPN,Global Payments,Financials,81.0800,-0.0087,29.8753,6.0000,Up,SMA200 75% vs 65% (n=34),39.8278,0.2073,0.1421,0.0310,0.6262,0.5831,-0.0416,-0.0758,0.0661,-0.4148,,,,0,,0.0000,,,,,0,0.0000,29.8753,6.0000,-0.1079,0.0567,Down,False,,,0,,,0.5879,0.6537,94,0.5671,0.6505,87,0.5189,0.6537,55,0.6656,0.6505,57,0.6849,0.6537,48,0.4910,0.6505,40,0.6006,0.6537,22,0.7527,0.6505,34,0.6421,0.6080,87,0.7278,0.6473,82,
JNJ,Johnson & Johnson,Health Care,258.4500,0.0144,29.7845,5.1000,Up,,40.7936,0.1975,0.0864,0.0195,0.8050,0.7786,-0.0261,-0.0244,0.0748,-1.8007,,,,0,,0.0000,,,,,0,0.0000,29.7845,5.1000,-0.0569,-0.0341,Mixed,False,,,0,,,0.6570,0.6757,96,0.6076,0.6710,86,0.6216,0.6757,47,0.6885,0.6710,58,0.6240,0.6757,42,0.6236,0.6710,42,0.5055,0.6757,33,0.6329,0.6710,35,0.6739,0.6634,86,0.6128,0.6095,93,Earnings Tue Oct 13
SPG,Simon Property Group,Real Estate,197.5900,-0.0206,29.7500,14.0000,Mixed,,26.4261,-0.1955,0.0411,0.0153,0.9880,0.4625,-0.0286,-0.0665,-0.0139,-0.0464,,,,0,,0.0000,,,,,0,0.0000,29.7500,14.0000,-0.0747,-0.1275,Down,False,,,0,,,0.7526,0.6911,98,0.5458,0.5761,90,0.7264,0.6911,59,0.5261,0.5761,46,0.7441,0.6911,36,0.5768,0.5761,26,0.6448,0.6911,22,0.4752,0.5761,24,0.6980,0.6337,77,0.6558,0.5824,88,
ROST,Ross Stores,Consumer Discretionary,225.5300,0.0059,29.7480,6.0000,Up,,40.3641,0.2050,0.0704,0.0226,0.8321,0.7190,-0.0208,-0.0458,0.0355,-0.6226,,,,0,,0.0000,,,,,0,0.0000,29.7480,6.0000,-0.0337,-0.0122,Down,False,,,0,,,0.6995,0.6857,100,0.5929,0.6735,95,0.6452,0.6857,39,0.6552,0.6735,52,0.7335,0.6857,42,0.4453,0.6735,29,0.6942,0.6857,23,0.5757,0.6735,25,0.7058,0.7052,68,0.6600,0.5893,92,
REGN,Regeneron Pharmaceuticals,Health Care,742.1200,0.0046,29.7228,6.0000,Up,,39.7152,0.2151,0.1310,0.0277,0.8188,0.6349,-0.0373,-0.0587,0.0105,-5.8929,,,,0,,0.0000,,,,,0,0.0000,29.7228,6.0000,-0.1014,0.0758,Down,False,,,0,,,0.7306,0.6980,97,0.5426,0.5854,98,0.6938,0.6980,62,0.5482,0.5854,55,0.7626,0.6980,39,0.4806,0.5854,30,0.6551,0.6980,14,0.5190,0.5854,14,0.7504,0.6954,81,0.6907,0.6910,97,
SWK,Stanley Black & Decker,Industrials,88.3100,-0.0187,29.5677,0.0000,Up,,41.0749,0.2025,0.0500,0.0308,0.9271,0.6518,-0.0149,-0.0669,0.0676,0.1236,,,,0,,0.0000,,,,,0,0.0000,29.5677,0.0000,-0.0758,-0.0105,Down,False,,,0,,,0.5954,0.6344,96,0.6590,0.6278,103,0.6882,0.6344,52,0.6302,0.6278,46,0.6713,0.6344,40,0.6550,0.6278,38,0.5931,0.6344,34,0.7068,0.6278,42,0.6797,0.6224,85,0.6358,0.6479,74,
RTX,RTX Corporation,Industrials,180.2600,-0.0165,29.5611,14.4229,Mixed,,19.2860,0.0226,0.1097,0.0192,1.0423,0.3682,-0.0524,-0.1177,-0.0704,-0.3818,,,,0,,0.0000,,,,,0,0.0000,29.5611,14.4229,-0.1105,-0.1100,Down,False,,,0,,,0.7446,0.6622,107,0.5359,0.6378,81,0.5783,0.6622,49,0.5948,0.6378,44,0.6256,0.6622,37,0.6542,0.6378,32,0.7173,0.6622,22,0.5457,0.6378,19,0.6905,0.6797,68,0.5682,0.5639,95,Earnings Tue Oct 20
VRTX,Vertex Pharmaceuticals,Health Care,505.6400,0.0066,29.5341,5.1000,Up,SMA200 81% vs 66% (n=34),40.8388,0.2071,0.0597,0.0230,0.8141,0.6574,-0.0175,-0.0267,0.0658,-2.1057,,,,0,,0.0000,,,,,0,0.0000,29.5341,5.1000,-0.0612,-0.0181,Mixed,False,,,0,,,0.7256,0.6557,114,0.5312,0.6167,91,0.7550,0.6557,71,0.4604,0.6167,60,0.6862,0.6557,45,0.5690,0.6167,39,0.8059,0.6557,34,0.3848,0.6167,18,0.8528,0.8127,69,0.5792,0.6247,97,
ESS,Essex Property Trust,Real Estate,268.0500,-0.0163,29.5073,0.0000,Up,,41.0359,0.2055,0.0258,0.0169,0.7015,0.5289,-0.0076,-0.0329,0.0167,0.5080,,,,0,,0.0000,,,,,0,0.0000,29.5073,0.0000,-0.0417,-0.1070,Down,False,,,0,,,0.6783,0.6798,115,0.6082,0.6082,97,0.6363,0.6798,71,0.5570,0.6082,65,0.6881,0.6798,45,0.6487,0.6082,46,0.7303,0.6798,23,0.6827,0.6082,23,0.6826,0.7424,78,0.7072,0.6798,96,
SWKS,Skyworks Solutions,Information Technology,83.4300,0.0077,29.2601,5.1078,Up,SMA200 76% vs 65% (n=39),52.0603,0.2424,0.1465,0.0547,1.0009,0.7732,-0.0377,0.1055,0.2712,-1.3226,,,,0,,0.0000,,,,,0,0.0000,29.2601,5.1078,0.0896,0.3552,Up,False,,,0,,,0.6211,0.6481,100,0.6141,0.6197,101,0.6338,0.6481,49,0.6522,0.6197,55,0.5687,0.6481,41,0.6628,0.6197,45,0.7580,0.6481,39,0.5141,0.6197,30,0.6631,0.6698,86,0.6507,0.6879,74,
DXCM,Dexcom,Health Care,84.3000,0.0109,29.1571,5.1000,Up,SMA50 78% vs 63% (n=53) | SMA100 76% vs 63% (n=40),42.6068,0.1979,0.0834,0.0272,0.7261,0.7846,-0.0252,-0.0318,0.1496,-0.4532,,,,0,,0.0000,,,,,0,0.0000,29.1571,5.1000,-0.0199,0.1180,Mixed,False,SMA50,0.7810,53,-1.2089,0.6299,0.5584,0.6299,99,0.6570,0.6615,102,0.7810,0.6299,53,0.6144,0.6615,41,0.7618,0.6299,40,0.4896,0.6615,30,0.6600,0.6299,18,0.6657,0.6615,18,0.7582,0.6722,80,0.6815,0.6522,82,
MSI,Motorola Solutions,Information Technology,448.3300,-0.0174,29.1451,5.1000,Up,SMA100 69% vs 58% (n=31),42.1877,0.2043,0.0632,0.0187,0.8411,0.6701,-0.0187,-0.0295,0.0424,-0.7509,,,,0,,0.0000,,,,,0,0.0000,29.1451,5.1000,-0.0464,0.0409,Mixed,False,,,0,,,0.6765,0.7349,92,0.6012,0.5766,88,0.6541,0.7349,54,0.6239,0.5766,59,0.5739,0.7349,29,0.6945,0.5766,31,0.5427,0.7349,18,0.6378,0.5766,20,0.6811,0.6693,66,0.5843,0.5452,99,
GOOG,Alphabet Inc. (Class C),Communication Services,347.3700,0.0081,28.9425,3.8583,Up,SMA200 85% vs 69% (n=24),55.9378,0.8193,0.0575,0.0236,0.6481,0.6629,0.0184,0.0133,0.0288,0.8120,SMA200,1.1858,0.8488,24,0.6917,16.4545,,,,,0,0.0000,28.9425,3.8583,0.0185,-0.0608,Mixed,False,,,0,,,0.6552,0.6917,104,0.5297,0.5808,91,0.5917,0.6917,48,0.4967,0.5808,49,0.6505,0.6917,31,0.5101,0.5808,28,0.8488,0.6917,24,0.3162,0.5808,16,0.7340,0.6643,80,0.6672,0.5962,85,
PLD,Prologis,Real Estate,127.3000,-0.0107,28.9080,14.0000,Mixed,,28.6494,0.0347,0.0838,0.0168,0.9789,0.4416,-0.0390,-0.0693,-0.0641,-0.4332,,,,0,,0.0000,,,,,0,0.0000,28.9080,14.0000,-0.0907,-0.1288,Down,False,,,0,,,0.6760,0.5902,106,0.5830,0.7012,90,0.6856,0.5902,68,0.5614,0.7012,58,0.6548,0.5902,50,0.5266,0.7012,45,0.6568,0.5902,27,0.5922,0.7012,21,0.6289,0.6701,75,0.7494,0.6726,97,Earnings Thu Oct 15
CMI,Cummins,Industrials,517.3200,-0.0336,28.9040,15.0036,Down,BB lower 76% vs 66% (n=82),37.8167,0.2301,0.0812,0.0292,1.1004,0.3598,-0.0219,-0.0957,-0.1384,3.1357,BB lower,0.6540,0.7634,82,0.6621,28.5508,,,,,0,0.0000,28.9040,15.0036,-0.0960,-0.2654,Down,False,,,0,,,0.6409,0.7407,88,0.6570,0.5977,94,0.7182,0.7407,60,0.5585,0.5977,54,0.7991,0.7407,36,0.5942,0.5977,32,0.5818,0.7407,20,0.5150,0.5977,22,0.7634,0.6621,82,0.5943,0.5542,99,
NDSN,Nordson Corporation,Industrials,327.6900,-0.0195,28.5842,4.0243,Up,SMA100 77% vs 66% (n=33),56.9171,0.6729,0.1170,0.0189,1.3584,0.9108,0.0202,0.0342,0.1415,0.8120,,,,0,,0.0000,,,,,0,0.0000,28.5842,4.0243,0.0203,0.1112,Up,True,,,0,,,0.6637,0.6622,116,0.5676,0.6157,99,0.6852,0.6622,67,0.5370,0.6157,49,0.7743,0.6622,33,0.5385,0.6157,21,0.5651,0.6622,29,0.5898,0.6157,29,0.7936,0.7329,69,0.6965,0.6857,99,
ABBV,AbbVie,Health Care,271.3600,0.0175,28.5822,17.0726,Up,SMA50 62% vs 50% (n=41) | SMA100 62% vs 50% (n=46),65.8388,1.0830,0.0514,0.0210,1.3582,0.9581,0.0300,0.0504,0.1787,0.2927,,,,0,,0.0000,,,,,0,0.0000,28.5822,17.0726,0.0735,0.0571,Up,True,,,0,,,0.7263,0.7265,95,0.5543,0.4978,88,0.6598,0.7265,58,0.6220,0.4978,41,0.6647,0.7265,44,0.6198,0.4978,46,0.6722,0.7265,39,0.5623,0.4978,44,0.7834,0.7437,70,0.6098,0.6046,100,
CVX,Chevron Corporation,Energy,205.1500,-0.0117,28.2597,5.1000,Up,BB upper 72% vs 61% (n=109),48.6932,0.3242,0.0766,0.0206,0.5954,0.8322,-0.0135,0.0107,0.1085,-0.5810,,,,0,,0.0000,,,,,0,0.0000,28.2597,5.1000,-0.0394,0.1525,Up,False,,,0,,,0.7430,0.7192,121,0.4504,0.6101,88,0.6602,0.7192,67,0.5646,0.6101,57,0.7347,0.7192,53,0.4098,0.6101,41,0.6932,0.7192,29,0.6147,0.6101,26,0.7670,0.7649,73,0.7209,0.6140,109,
SW,Smurfit Westrock,Materials,41.2900,-0.0259,28.1868,14.0000,Mixed,SMA100 59% vs 49% (n=35),32.3934,0.0309,0.1387,0.0322,0.8197,0.4816,-0.0651,-0.1047,-0.0331,-0.3212,,,,0,,0.0000,,,,,0,0.0000,28.1868,14.0000,-0.0843,-0.0673,Down,False,,,0,,,0.4877,0.4861,82,0.4883,0.4864,86,0.4633,0.4861,52,0.5824,0.4864,56,0.5840,0.4861,37,0.5883,0.4864,35,0.5572,0.4861,30,0.5818,0.4864,32,0.5294,0.5733,57,0.6543,0.5546,59,
AMCR,Amcor,Materials,41.2600,-0.0122,28.0449,14.0000,Mixed,,35.0149,-0.0163,0.0447,0.0215,0.8802,0.4490,-0.0231,-0.0706,-0.0123,-0.0155,,,,0,,0.0000,,,,,0,0.0000,28.0449,14.0000,-0.0867,-0.0563,Down,False,,,0,,,0.5866,0.6761,108,0.6399,0.6585,97,0.5735,0.6761,60,0.7091,0.6585,66,0.7327,0.6761,42,0.6660,0.6585,42,0.6862,0.6761,32,0.5909,0.6585,36,0.7469,0.6759,92,0.7550,0.6761,87,
NWS,News Corp (Class B),Communication Services,31.5200,0.0000,28.0218,5.1000,Up,,41.3870,0.2617,0.1013,0.0235,0.9229,0.6000,-0.0241,-0.0439,0.0472,-0.0679,,,,0,,0.0000,,,,,0,0.0000,28.0218,5.1000,-0.0690,-0.0209,Mixed,False,,,0,,,0.6773,0.6261,106,0.6348,0.6667,90,0.6825,0.6261,70,0.5914,0.6667,58,0.6787,0.6261,38,0.5667,0.6667,36,0.6966,0.6261,24,0.6212,0.6667,18,0.7230,0.6679,73,0.6788,0.6310,94,
GRMN,Garmin,Consumer Discretionary,276.1600,-0.0109,28.0063,6.0000,Up,SMA200 83% vs 61% (n=17) | SMA100 76% vs 61% (n=31),42.2187,0.2507,0.0948,0.0255,0.8238,0.7148,-0.0236,-0.0452,0.1236,-0.9306,,,,0,,0.0000,,,,,0,0.0000,28.0063,6.0000,-0.0116,0.0973,Down,False,,,0,,,0.6709,0.6089,98,0.5582,0.5646,95,0.6976,0.6089,64,0.5424,0.5646,61,0.7553,0.6089,31,0.3309,0.5646,27,0.8303,0.6089,17,0.4032,0.5646,14,0.7700,0.7285,79,0.6449,0.6159,82,
GE,GE Aerospace,Industrials,303.6200,-0.0186,28.0016,14.0000,Mixed,,32.9735,0.0304,0.0768,0.0263,0.8622,0.2952,-0.0361,-0.1018,-0.0603,-0.0507,,,,0,,0.0000,,,,,0,0.0000,28.0016,14.0000,-0.1093,-0.1896,Down,False,,,0,,,0.7023,0.7336,97,0.5040,0.5861,82,0.6368,0.7336,54,0.6031,0.5861,43,0.6855,0.7336,28,0.5291,0.5861,25,0.5229,0.7336,15,0.5971,0.5861,15,0.6984,0.7222,66,0.5452,0.5395,99,Earnings Tue Oct 20
KDP,Keurig Dr Pepper,Consumer Staples,30.5400,-0.0190,27.9807,6.0000,Up,,45.5291,0.2054,0.0534,0.0261,0.6378,0.6742,-0.0157,-0.0177,0.0515,-0.0578,,,,0,,0.0000,,,,,0,0.0000,27.9807,6.0000,-0.0722,-0.0352,Down,False,,,0,,,0.6064,0.6771,106,0.6595,0.6533,97,0.6535,0.6771,69,0.6855,0.6533,64,0.7372,0.6771,58,0.5123,0.6533,46,0.5981,0.6771,44,0.6378,0.6533,44,0.7407,0.7312,85,0.7094,0.7029,93,
USB,U.S. Bancorp,Financials,56.1700,-0.0195,27.9120,14.9057,Mixed,,28.1099,0.1074,0.1196,0.0193,1.0906,0.5796,-0.0469,-0.0822,-0.0091,-0.1503,,,,0,,0.0000,,,,,0,0.0000,27.9120,14.9057,-0.1099,-0.1206,Down,False,,,0,,,0.5962,0.6113,89,0.6495,0.6618,94,0.6074,0.6113,56,0.6407,0.6618,61,0.6013,0.6113,30,0.6345,0.6618,38,0.6723,0.6113,16,0.5359,0.6618,14,0.6298,0.5966,76,0.5905,0.5923,83,Earnings Thu Oct 15
FANG,Diamondback Energy,Energy,184.3800,-0.0032,27.8982,6.0000,Up,,38.6326,0.3054,0.1823,0.0276,0.6820,0.6086,-0.0355,-0.0624,0.0041,-0.3831,,,,0,,0.0000,,,,,0,0.0000,27.8982,6.0000,-0.0937,-0.0178,Down,False,,,0,,,0.6280,0.6480,110,0.5894,0.6200,102,0.6772,0.6480,84,0.5310,0.6200,76,0.6264,0.6480,64,0.5790,0.6200,59,0.6864,0.6480,26,0.6906,0.6200,30,0.7030,0.7367,77,0.6940,0.6198,99,
TT,Trane Technologies,Industrials,467.2700,-0.0191,27.8546,9.1237,Up,SMA50 65% vs 55% (n=53),60.6347,0.8349,0.1482,0.0238,1.2855,0.7648,0.0497,0.0305,0.0449,4.4874,,,,0,,0.0000,,,,,0,0.0000,27.8546,9.1237,0.0305,-0.0442,Up,True,,,0,,,0.6299,0.7195,99,0.5810,0.5485,91,0.5695,0.7195,59,0.6525,0.5485,53,0.7148,0.7195,35,0.5057,0.5485,30,0.6742,0.7195,24,0.5239,0.5485,25,0.7535,0.6964,78,0.6210,0.5843,98,
KIM,Kimco Realty,Real Estate,21.8500,-0.0131,27.6948,8.0000,Mixed,,25.7329,0.0846,0.0693,0.0148,0.8300,0.3921,-0.0288,-0.0680,-0.0441,0.0003,,,,0,,0.0000,,,,,0,0.0000,27.6948,8.0000,-0.0976,-0.1497,Down,False,,,0,,,0.6186,0.6667,107,0.6323,0.6650,103,0.7352,0.6667,69,0.6074,0.6650,58,0.5887,0.6667,43,0.7036,0.6650,41,0.6950,0.6667,43,0.6741,0.6650,40,0.7160,0.6803,85,0.6552,0.6291,96,
FITB,Fifth Third Bancorp,Financials,50.1200,-0.0173,27.6327,17.4697,Mixed,,33.2365,0.1633,0.1028,0.0203,1.3470,0.5610,-0.0346,-0.0727,-0.0158,-0.0291,,,,0,,0.0000,,,,,0,0.0000,27.6327,17.4697,-0.0901,-0.1427,Down,True,,,0,,,0.5858,0.6867,98,0.6345,0.6132,96,0.6844,0.6867,57,0.5909,0.6132,56,0.5441,0.6867,47,0.6241,0.6132,48,0.7342,0.6867,12,0.4968,0.6132,11,0.6453,0.6712,73,0.6202,0.6433,84,Earnings Mon Oct 19
MRVL,Marvell Technology,Information Technology,284.6800,-0.0081,27.5525,14.4224,Up,,68.1706,0.8954,0.3041,0.0497,1.2552,0.8259,0.1202,0.2248,0.6762,2.6204,,,,0,,0.0000,,,,,0,0.0000,27.5525,14.4224,0.2457,0.1340,Up,True,,,0,,,0.6289,0.6667,102,0.6253,0.5703,94,0.6465,0.6667,62,0.6440,0.5703,57,0.7160,0.6667,50,0.6517,0.5703,44,0.7381,0.6667,24,0.4896,0.5703,17,0.7326,0.6875,68,0.6747,0.6050,90,
HWM,Howmet Aerospace,Industrials,222.7500,-0.0382,27.5410,8.4153,Mixed,BB upper 66% vs 56% (n=107),36.4970,-0.0678,0.0424,0.0314,0.9296,0.3109,-0.0241,-0.1250,-0.1048,1.5100,,,,0,,0.0000,BB upper,-1.4782,0.5559,0.6597,107,0.7552,27.5410,8.4153,-0.0551,-0.2225,Down,False,,,0,,,0.6465,0.7511,95,0.5238,0.5465,88,0.7838,0.7511,70,0.3711,0.5465,45,0.8237,0.7511,30,0.4835,0.5465,15,0.6926,0.7511,9,0.5232,0.5465,4,0.7259,0.7930,72,0.6597,0.5559,107,
OKE,Oneok,Energy,88.0500,-0.0132,27.5210,6.0000,Up,,40.9300,0.2888,0.1467,0.0278,0.8267,0.6909,-0.0310,-0.0432,0.0281,-0.2333,,,,0,,0.0000,,,,,0,0.0000,27.5210,6.0000,-0.1142,-0.0410,Down,False,,,0,,,0.6059,0.6683,111,0.6026,0.6170,98,0.7023,0.6683,71,0.5149,0.6170,61,0.7598,0.6683,39,0.4990,0.6170,29,0.6530,0.6683,20,0.5816,0.6170,14,0.7611,0.7336,80,0.7046,0.6273,106,
BIIB,Biogen,Health Care,222.1500,-0.0033,27.4804,6.2608,Up,SMA200 87% vs 66% (n=14),52.2130,0.5207,0.0810,0.0258,1.1366,0.9098,0.0017,0.0261,0.1336,-0.5767,,,,0,,0.0000,,,,,0,0.0000,27.4804,6.2608,0.0282,0.0803,Up,False,,,0,,,0.6225,0.6852,100,0.6423,0.6625,106,0.6770,0.6852,68,0.5457,0.6625,54,0.7113,0.6852,35,0.6122,0.6625,33,0.4310,0.6852,7,0.8694,0.6625,14,0.7138,0.6321,92,0.6423,0.7013,86,
SNDK,Sandisk,Information Technology,1692.4200,0.0192,27.2177,42.2378,Up,SMA20 58% vs 41% (n=16),50.9163,0.4687,0.2209,0.0572,1.0584,0.7043,-0.0069,0.0817,0.4490,-14.4384,,,,0,,0.0000,SMA20,-0.1216,0.4118,0.5824,16,78.3770,27.2177,42.2378,-0.0434,-0.1258,Up,False,,,0,,,0.7799,0.8243,31,0.5824,0.4118,16,0.8051,0.8243,15,0.4779,0.4118,12,0.8690,0.8243,9,0.1647,0.4118,6,0.8243,0.8243,0,0.4118,0.4118,0,0.7813,0.7347,10,0.4336,0.4113,39,
IEX,IDEX Corporation,Industrials,232.9100,-0.0143,27.1252,6.0053,Up,,57.6079,0.8013,0.0867,0.0201,1.2125,0.8823,0.0261,0.0135,0.1078,1.1487,,,,0,,0.0000,,,,,0,0.0000,27.1252,6.0053,0.0182,0.0268,Up,True,,,0,,,0.6160,0.6695,101,0.6515,0.6137,98,0.6512,0.6695,60,0.6009,0.6137,60,0.6290,0.6695,40,0.5909,0.6137,34,0.6872,0.6695,29,0.5724,0.6137,23,0.6906,0.6576,78,0.6250,0.6562,85,
PCAR,Paccar,Industrials,106.8600,-0.0225,27.0939,14.8475,Mixed,,17.6975,0.1390,0.1774,0.0241,1.0848,0.3446,-0.0640,-0.1315,-0.1111,-0.2108,,,,0,,0.0000,,,,,0,0.0000,27.0939,14.8475,-0.1449,-0.1674,Down,False,,,0,,,0.6437,0.7157,89,0.6279,0.6056,97,0.6327,0.7157,59,0.5875,0.6056,58,0.5773,0.7157,46,0.6316,0.6056,41,0.6375,0.7157,35,0.5445,0.6056,28,0.7428,0.7138,86,0.6084,0.6111,97,Earnings Tue Oct 20
MU,Micron Technology,Information Technology,1088.0000,0.0406,27.0395,10.3559,Up,,59.7313,0.7392,0.2241,0.0422,1.2039,0.8449,0.0536,0.1249,0.5678,-0.6086,,,,0,,0.0000,,,,,0,0.0000,27.0395,10.3559,0.0705,0.0607,Up,True,,,0,,,0.6417,0.7020,97,0.5732,0.5410,87,0.6494,0.7020,65,0.5398,0.5410,63,0.6202,0.7020,36,0.5041,0.5410,36,0.7186,0.7020,18,0.5792,0.5410,17,0.6928,0.6805,62,0.6086,0.5629,95,
DVA,DaVita,Health Care,176.7800,-0.0201,27.0370,0.0000,Up,SMA200 76% vs 60% (n=15),42.7768,0.2828,0.1140,0.0287,0.9279,0.5173,-0.0248,-0.0494,0.0338,0.2876,,,,0,,0.0000,,,,,0,0.0000,27.0370,0.0000,-0.0354,-0.2662,Down,False,,,0,,,0.6500,0.6866,91,0.6738,0.5955,96,0.6622,0.6866,53,0.6298,0.5955,49,0.5337,0.6866,33,0.6679,0.5955,34,0.5145,0.6866,13,0.7569,0.5955,15,0.7071,0.6853,72,0.6164,0.6025,94,
PWR,Quanta Services,Industrials,701.0700,-0.0257,27.0130,13.9378,Up,SMA200 78% vs 58% (n=8),63.6458,0.9759,0.1703,0.0339,1.2013,0.7725,0.0810,0.0813,0.1500,8.4344,,,,0,,0.0000,,,,,0,0.0000,27.0130,13.9378,0.0800,0.0129,Up,True,,,0,,,0.7287,0.7227,107,0.5309,0.5772,87,0.7168,0.7227,67,0.6662,0.5772,49,0.7930,0.7227,40,0.4336,0.5772,29,0.6945,0.7227,16,0.7757,0.5772,8,0.7924,0.7436,78,0.6636,0.5680,123,
SLB,Schlumberger,Energy,47.9600,-0.0408,27.0009,18.6345,Mixed,SMA200 71% vs 58% (n=33) | SMA100 69% vs 58% (n=40),33.6889,0.0983,0.1700,0.0351,1.1049,0.5835,-0.0683,-0.0894,-0.0454,-0.3426,,,,0,,0.0000,SMA200,-1.3542,0.5769,0.7110,33,6.5187,27.0009,18.6345,-0.1773,-0.0160,Down,False,,,0,,,0.6707,0.6951,106,0.6055,0.5769,89,0.6550,0.6951,72,0.5278,0.5769,61,0.4954,0.6951,44,0.6888,0.5769,40,0.6821,0.6951,25,0.7110,0.5769,33,0.6302,0.6321,73,0.7302,0.6323,83,Earnings Fri Oct 23
GILD,Gilead Sciences,Health Care,146.8500,0.0182,26.9316,5.1000,Up,SMA50 68% vs 58% (n=52),50.1709,0.3913,0.0813,0.0235,0.8749,0.8275,-0.0088,0.0233,0.0828,-0.9875,,,,0,,0.0000,,,,,0,0.0000,26.9316,5.1000,-0.0101,0.0587,Up,False,,,0,,,0.6732,0.6821,107,0.6233,0.5814,96,0.7166,0.6821,64,0.6844,0.5814,52,0.6679,0.6821,48,0.5756,0.5814,40,0.7103,0.6821,28,0.5109,0.5814,26,0.7841,0.7554,70,0.5768,0.6215,87,
MRK,Merck & Co.,Health Care,142.7900,0.0060,26.8536,5.1000,Up,,45.7643,0.2486,0.0802,0.0238,0.6469,0.8269,-0.0202,0.0031,0.1694,-1.1050,,,,0,,0.0000,,,,,0,0.0000,26.8536,5.1000,-0.0497,0.1119,Mixed,False,,,0,,,0.6801,0.6837,100,0.5808,0.5672,86,0.6285,0.6837,64,0.6235,0.5672,67,0.6871,0.6837,32,0.5302,0.5672,38,0.6239,0.6837,10,0.6134,0.5672,16,0.6801,0.6727,72,0.6387,0.6493,94,
EMR,Emerson Electric,Industrials,159.2200,-0.0135,26.8527,3.4284,Up,,56.9445,0.7304,0.1344,0.0246,1.1853,0.8509,0.0310,0.0259,0.1036,0.7661,,,,0,,0.0000,,,,,0,0.0000,26.8527,3.4284,0.0292,0.1229,Up,False,,,0,,,0.5984,0.7149,86,0.6064,0.5609,97,0.6191,0.7149,62,0.5844,0.5609,70,0.7118,0.7149,52,0.5270,0.5609,42,0.6719,0.7149,33,0.5212,0.5609,31,0.7277,0.6456,82,0.5983,0.5645,80,
AWK,American Water Works,Utilities,127.3800,-0.0052,26.8434,16.5253,Mixed,SMA200 76% vs 66% (n=44),32.9148,0.1673,0.1262,0.0203,1.2525,0.3636,-0.0420,-0.0576,-0.0246,-0.6097,,,,0,,0.0000,,,,,0,0.0000,26.8434,16.5253,-0.1098,-0.0543,Down,True,,,0,,,0.5830,0.6570,100,0.6063,0.7099,98,0.6036,0.6570,60,0.7375,0.7099,69,0.7192,0.6570,65,0.5473,0.7099,56,0.7631,0.6570,44,0.5460,0.7099,36,0.7306,0.7168,93,0.7373,0.6951,92,
CSX,CSX Corporation,Industrials,46.8100,-0.0145,26.7798,0.0000,Up,SMA200 71% vs 60% (n=43),39.9167,0.3335,0.0739,0.0180,0.6369,0.6719,-0.0123,-0.0465,0.0577,0.1087,,,,0,,0.0000,,,,,0,0.0000,26.7798,0.0000,-0.0619,-0.0854,Down,False,,,0,,,0.6626,0.7296,97,0.5392,0.5962,95,0.6400,0.7296,49,0.4907,0.5962,62,0.6922,0.7296,45,0.4976,0.5962,45,0.4742,0.7296,38,0.7103,0.5962,43,0.7062,0.7123,85,0.6834,0.6214,105,Earnings Wed Oct 21
AAPL,Apple Inc.,Information Technology,336.6700,0.0091,26.7643,6.4750,Up,BB lower 77% vs 62% (n=67),57.6961,0.6514,0.0433,0.0196,0.8505,0.9155,0.0066,0.0448,0.1620,-0.8209,BB lower,1.4325,0.7676,67,0.6250,3.2077,,,,,0,0.0000,26.7643,6.4750,0.0475,0.0291,Up,False,,,0,,,0.6291,0.6923,91,0.5823,0.5375,89,0.4788,0.6923,54,0.6315,0.5375,58,0.6850,0.6923,38,0.5250,0.5375,42,0.7622,0.6923,18,0.5639,0.5375,14,0.7676,0.6250,67,0.5913,0.5437,91,
TRGP,Targa Resources,Energy,283.9600,-0.0062,26.7293,0.0000,Up,SMA100 62% vs 50% (n=33),50.6769,0.5160,0.0795,0.0263,0.9729,0.8563,0.0013,0.0064,0.1434,0.1812,,,,0,,0.0000,,,,,0,0.0000,26.7293,0.0000,-0.0523,0.0084,Up,False,,,0,,,0.7426,0.7778,116,0.5166,0.5023,87,0.7609,0.7778,75,0.4578,0.5023,55,0.7850,0.7778,42,0.6219,0.5023,33,0.8044,0.7778,21,0.5268,0.5023,15,0.8275,0.7739,65,0.6649,0.6133,114,
AIZ,Assurant,Financials,266.7300,-0.0156,26.6711,20.7866,Up,SMA100 76% vs 63% (n=39),40.8870,0.3244,0.1237,0.0205,0.8028,0.6370,-0.0217,-0.0446,0.0685,-0.0764,,,,0,,0.0000,SMA100,-0.8569,0.6310,0.7564,39,26.8846,26.6711,20.7866,-0.0680,-0.0782,Down,False,,,0,,,0.6516,0.6696,106,0.5916,0.6310,100,0.6084,0.6696,53,0.6587,0.6310,56,0.4751,0.6696,29,0.7564,0.6310,39,0.6177,0.6696,23,0.6885,0.6310,20,0.7203,0.7669,78,0.6473,0.6532,85,
TRV,Travelers Companies (The),Financials,360.6100,-0.0001,26.6379,6.0000,Up,,43.3956,0.2906,0.0816,0.0174,0.7704,0.7533,-0.0171,-0.0227,0.1297,-0.7837,,,,0,,0.0000,,,,,0,0.0000,26.6379,6.0000,-0.0277,0.0357,Down,False,,,0,,,0.6423,0.6990,114,0.5685,0.6395,99,0.6181,0.6990,62,0.6181,0.6395,60,0.6576,0.6990,55,0.6426,0.6395,42,0.6208,0.6990,15,0.6066,0.6395,20,0.7616,0.6971,64,0.7054,0.6192,103,Earnings Fri Oct 16
ARE,Alexandria Real Estate Equities,Real Estate,45.2100,-0.0155,26.6161,14.2493,Mixed,SMA50 67% vs 52% (n=56) | SMA200 66% vs 52% (n=28),32.7311,0.0995,0.2243,0.0377,1.0249,0.1831,-0.0898,-0.0941,-0.0741,-0.6182,,,,0,,0.0000,,,,,0,0.0000,26.6161,14.2493,-0.1133,-0.0905,Down,False,,,0,,,0.5944,0.5230,87,0.6328,0.7017,100,0.6682,0.5230,56,0.5747,0.7017,67,0.6020,0.5230,41,0.6692,0.7017,51,0.6591,0.5230,28,0.5523,0.7017,21,0.6773,0.5858,91,0.6420,0.6454,67,
HPE,Hewlett Packard Enterprise,Information Technology,72.0900,0.0228,26.6152,18.3217,Up,,71.5664,1.0079,0.3007,0.0499,1.1615,0.9778,0.1527,0.2643,0.9265,0.8268,,,,0,,0.0000,,,,,0,0.0000,26.6152,18.3217,0.2727,0.4351,Up,False,,,0,,,0.6439,0.6528,101,0.5552,0.6309,78,0.6658,0.6528,57,0.5808,0.6309,52,0.6275,0.6528,40,0.5775,0.6309,35,0.6893,0.6528,23,0.5008,0.6309,27,0.6842,0.6970,60,0.6384,0.5921,89,
CRL,Charles River Laboratories,Health Care,300.3000,-0.0153,26.6022,21.2883,Up,SMA100 75% vs 60% (n=43) | BB upper 74% vs 61% (n=82),58.5103,0.8009,0.1554,0.0398,1.1602,0.8236,0.0468,0.0704,0.4190,1.2324,,,,0,,0.0000,BB upper,-0.7420,0.6082,0.7376,82,32.6808,26.6022,21.2883,0.0524,0.2490,Up,False,,,0,,,0.6188,0.7190,96,0.6387,0.6009,89,0.6928,0.7190,55,0.6036,0.6009,53,0.7180,0.7190,39,0.7533,0.6009,43,0.4964,0.7190,30,0.6685,0.6009,34,0.7351,0.6500,73,0.7376,0.6082,82,
UNP,Union Pacific Corporation,Industrials,274.6800,-0.0070,26.5047,0.0000,Up,,39.5451,0.3533,0.0679,0.0173,0.6749,0.6148,-0.0100,-0.0478,0.0431,0.6026,,,,0,,0.0000,,,,,0,0.0000,26.5047,0.0000,-0.0650,-0.0684,Down,False,,,0,,,0.6331,0.6686,95,0.6158,0.6067,99,0.6040,0.6686,65,0.6100,0.6067,59,0.5759,0.6686,51,0.6627,0.6067,57,0.5506,0.6686,39,0.6615,0.6067,42,0.7842,0.7184,80,0.6801,0.6329,85,Earnings Thu Oct 22
NTAP,NetApp,Information Technology,235.7700,0.0320,26.4229,21.3799,Up,,77.8833,1.0510,0.2795,0.0364,1.1423,0.9841,0.1540,0.2038,0.6831,3.4375,,,,0,,0.0000,,,,,0,0.0000,26.4229,21.3799,0.2294,0.3406,Up,False,,,0,,,0.5933,0.6923,90,0.6466,0.6056,91,0.6214,0.6923,60,0.5790,0.6056,52,0.6538,0.6923,40,0.5680,0.6056,39,0.7418,0.6923,24,0.4778,0.6056,22,0.6642,0.6993,77,0.6316,0.5537,85,
FIX,Comfort Systems USA,Industrials,1741.3600,-0.0421,26.4216,6.8254,Up,SMA200 82% vs 72% (n=8),57.4435,0.8543,0.1470,0.0428,1.1422,0.7462,0.0521,0.0488,0.1110,17.6333,,,,0,,0.0000,,,,,0,0.0000,26.4216,6.8254,0.0391,-0.0585,Up,False,,,0,,,0.6918,0.7154,110,0.5451,0.5597,90,0.7209,0.7154,61,0.4873,0.5597,56,0.7231,0.7154,29,0.4271,0.5597,27,0.8218,0.7154,8,0.5299,0.5597,4,0.8986,0.8022,63,0.6520,0.5813,110,Earnings Thu Oct 22
TFC,Truist Financial,Financials,45.5800,-0.0145,26.4062,14.0000,Mixed,SMA200 79% vs 64% (n=17),27.7016,0.1377,0.1292,0.0207,0.8847,0.4201,-0.0468,-0.0864,-0.0700,-0.1205,,,,0,,0.0000,,,,,0,0.0000,26.4062,14.0000,-0.1155,-0.1404,Down,False,,,0,,,0.5697,0.6352,97,0.6729,0.6593,98,0.7060,0.6352,69,0.5828,0.6593,52,0.6319,0.6352,38,0.5697,0.6593,41,0.7877,0.6352,17,0.5398,0.6593,12,0.6628,0.6688,80,0.6289,0.6429,78,Earnings Fri Oct 16
DVN,Devon Energy,Energy,47.8800,-0.0029,26.3403,5.1000,Up,,51.6492,0.4494,0.1045,0.0301,0.4374,0.8066,-0.0053,0.0190,0.0815,-0.0817,,,,0,,0.0000,,,,,0,0.0000,26.3403,5.1000,-0.0216,0.1103,Up,False,,,0,,,0.6089,0.6359,102,0.5678,0.6136,106,0.6792,0.6359,66,0.6174,0.6136,68,0.5322,0.6359,44,0.6691,0.6136,46,0.6515,0.6359,26,0.6604,0.6136,30,0.7513,0.7143,81,0.6319,0.6254,87,
NSC,Norfolk Southern,Industrials,313.2000,-0.0098,26.3096,0.0000,Up,,40.1187,0.3598,0.0483,0.0166,0.8286,0.4738,-0.0068,-0.0490,0.0104,0.8840,,,,0,,0.0000,,,,,0,0.0000,26.3096,0.0000,-0.0621,-0.0653,Down,False,,,0,,,0.6700,0.6667,97,0.6364,0.6367,99,0.6778,0.6667,56,0.6099,0.6367,51,0.7302,0.6667,38,0.6197,0.6367,34,0.6344,0.6667,27,0.5595,0.6367,22,0.6704,0.6643,82,0.6272,0.6118,86,Earnings Thu Oct 22
COP,ConocoPhillips,Energy,129.8400,0.0038,26.3029,5.1000,Up,,51.7429,0.4764,0.1398,0.0245,0.6958,0.7992,-0.0033,0.0101,0.1201,-0.2139,,,,0,,0.0000,,,,,0,0.0000,26.3029,5.1000,-0.0557,0.1735,Up,False,,,0,,,0.6628,0.7330,100,0.5184,0.5721,93,0.5990,0.7330,66,0.6151,0.5721,68,0.7024,0.7330,50,0.5794,0.5721,50,0.5568,0.7330,30,0.6228,0.5721,35,0.7022,0.6868,64,0.6495,0.6018,89,
PNC,PNC Financial Services,Financials,217.7200,-0.0111,26.2880,15.0775,Mixed,SMA50 69% vs 57% (n=59),24.2523,0.1803,0.1470,0.0197,1.1077,0.5213,-0.0470,-0.0935,-0.0374,-0.4372,,,,0,,0.0000,,,,,0,0.0000,26.2880,15.0775,-0.1209,-0.1619,Down,False,,,0,,,0.5891,0.6840,94,0.5990,0.5743,95,0.6161,0.6840,54,0.6873,0.5743,59,0.6540,0.6840,43,0.5808,0.5743,43,0.7153,0.6840,18,0.5856,0.5743,17,0.6692,0.6392,85,0.5855,0.6060,77,Earnings Thu Oct 15
GD,General Dynamics,Industrials,326.6300,-0.0142,26.2836,14.0000,Mixed,,21.1071,0.1427,0.1332,0.0187,0.9567,0.2242,-0.0476,-0.1074,-0.0757,-0.4171,,,,0,,0.0000,,,,,0,0.0000,26.2836,14.0000,-0.1012,-0.1646,Down,False,,,0,,,0.7288,0.7500,114,0.5004,0.6364,99,0.6892,0.7500,70,0.5401,0.6364,47,0.7600,0.7500,46,0.4892,0.6364,38,0.5714,0.7500,31,0.7182,0.6364,26,0.7800,0.7090,74,0.7202,0.6545,101,Earnings Fri Oct 23
UAL,United Airlines Holdings,Industrials,110.1700,-0.0152,26.1792,2.4846,Up,,46.7141,0.4580,0.0902,0.0354,1.2485,0.4716,-0.0038,-0.0440,0.0098,0.2819,,,,0,,0.0000,,,,,0,0.0000,26.1792,2.4846,0.0006,-0.1828,Down,True,,,0,,,0.6589,0.6308,100,0.5805,0.6429,90,0.6594,0.6308,62,0.5539,0.6429,53,0.6151,0.6308,44,0.6647,0.6429,45,0.7057,0.6308,35,0.5150,0.6429,34,0.6707,0.6667,79,0.7208,0.6304,98,Earnings Tue Oct 20
PFE,Pfizer,Health Care,28.0000,0.0182,26.1332,5.1000,Up,,52.1671,0.5257,0.0612,0.0191,0.9588,0.8178,0.0016,0.0183,0.0828,-0.1128,,,,0,,0.0000,,,,,0,0.0000,26.1332,5.1000,-0.0097,0.1383,Up,False,,,0,,,0.5691,0.6250,90,0.6738,0.6972,107,0.6343,0.6250,63,0.5998,0.6972,64,0.6900,0.6250,46,0.5997,0.6972,39,0.6481,0.6250,23,0.6300,0.6972,29,0.6396,0.6401,86,0.6770,0.6527,87,
ETN,Eaton Corporation,Industrials,431.3300,-0.0309,26.1269,0.0000,Up,BB lower 83% vs 73% (n=80),52.1828,0.5780,0.1518,0.0328,0.8371,0.7233,0.0119,0.0168,0.1078,0.6530,,,,0,,0.0000,,,,,0,0.0000,26.1269,0.0000,0.0046,0.0289,Up,False,,,0,,,0.5902,0.7422,101,0.6127,0.5911,88,0.7424,0.7422,66,0.6090,0.5911,59,0.7771,0.7422,41,0.3919,0.5911,25,0.8377,0.7422,27,0.5166,0.5911,18,0.8322,0.7257,80,0.6302,0.5693,98,
SCHW,Charles Schwab Corporation,Financials,95.5800,-0.0126,26.0615,14.0000,Mixed,,30.3483,0.1470,0.1659,0.0225,0.8456,0.3850,-0.0586,-0.0967,-0.0235,-0.4790,,,,0,,0.0000,,,,,0,0.0000,26.0615,14.0000,-0.1229,-0.0959,Down,False,,,0,,,0.6480,0.6392,91,0.5155,0.5827,82,0.5911,0.6392,46,0.6794,0.5827,48,0.6731,0.6392,31,0.5350,0.5827,34,0.4590,0.6392,19,0.6190,0.5827,24,0.6949,0.7249,75,0.6207,0.6116,95,Earnings Thu Oct 15
SMCI,Supermicro,Information Technology,44.9400,0.0341,26.0526,12.2968,Up,,65.2645,0.9177,0.2424,0.0503,1.1053,0.6478,0.1012,0.2022,0.3954,0.1657,,,,0,,0.0000,,,,,0,0.0000,26.0526,12.2968,0.0990,0.5549,Up,False,,,0,,,0.6198,0.6508,97,0.5401,0.5769,91,0.5719,0.6508,60,0.6142,0.5769,60,0.7062,0.6508,45,0.4735,0.5769,41,0.6618,0.6508,9,0.5538,0.5769,11,0.7395,0.6907,66,0.6254,0.6347,96,
ALLE,Allegion,Industrials,147.9100,-0.0470,25.9538,47.1985,Mixed,SMA100 76% vs 62% (n=36),36.1653,-0.2750,0.0461,0.0263,1.7658,0.4188,-0.0358,-0.0614,-0.0082,-0.2149,,,,0,,0.0000,SMA100,0.4296,0.6181,0.7618,36,51.2701,25.9538,47.1985,-0.0660,0.0624,Down,True,,,0,,,0.5695,0.7000,101,0.6347,0.6181,96,0.6189,0.7000,49,0.7150,0.6181,61,0.5286,0.7000,24,0.7618,0.6181,36,0.6118,0.7000,30,0.6085,0.6181,28,0.7721,0.7003,89,0.7500,0.6871,85,Earnings Thu Oct 22
TROW,T. Rowe Price,Financials,104.0700,0.0045,25.9109,0.6431,Up,,42.8992,0.4207,0.0333,0.0197,1.0643,0.5598,-0.0026,-0.0388,0.0242,0.2087,,,,0,,0.0000,,,,,0,0.0000,25.9109,0.6431,-0.0543,-0.1363,Down,False,,,0,,,0.5691,0.6190,97,0.6533,0.6494,101,0.6521,0.6190,55,0.6771,0.6494,53,0.6871,0.6190,52,0.5755,0.6494,37,0.6697,0.6190,43,0.5268,0.6494,37,0.6513,0.6667,83,0.6437,0.6611,84,
WAB,Wabtec,Industrials,282.4400,-0.0299,25.8571,16.5693,Up,SMA100 64% vs 54% (n=43),43.9822,0.3544,0.0743,0.0223,1.1013,0.8028,-0.0108,-0.0248,0.0772,0.1264,,,,0,,0.0000,SMA100,0.6643,0.5402,0.6417,43,28.2842,25.8571,16.5693,-0.0243,0.0519,Down,False,,,0,,,0.7090,0.7576,99,0.5078,0.5402,81,0.6880,0.7576,60,0.5764,0.5402,57,0.6451,0.7576,41,0.6417,0.5402,43,0.7429,0.7576,27,0.5536,0.5402,27,0.7612,0.7500,63,0.5788,0.5879,102,Earnings Wed Oct 21
WST,West Pharmaceutical Services,Health Care,366.4800,-0.0165,25.7997,5.1000,Up,SMA200 75% vs 62% (n=26) | SMA100 76% vs 64% (n=27),53.0008,0.5088,0.0983,0.0244,0.6802,0.8812,0.0009,0.0346,0.2070,-0.5048,,,,0,,0.0000,,,,,0,0.0000,25.7997,5.1000,0.0678,-0.0112,Up,False,,,0,,,0.6947,0.6395,99,0.5719,0.6176,86,0.6063,0.6395,53,0.5842,0.6176,55,0.7599,0.6395,27,0.4989,0.6176,23,0.5823,0.6395,21,0.7490,0.6176,26,0.6256,0.7300,71,0.6885,0.6637,87,Earnings Thu Oct 22
EW,Edwards Lifesciences,Health Care,85.7800,-0.0081,25.7993,6.0000,Up,,44.0976,0.3153,0.0612,0.0243,0.9855,0.5619,-0.0113,-0.0327,0.0074,-0.0239,,,,0,,0.0000,,,,,0,0.0000,25.7993,6.0000,-0.0281,-0.0973,Down,False,,,0,,,0.5776,0.6073,111,0.6262,0.7174,98,0.5297,0.6073,61,0.6398,0.7174,63,0.6496,0.6073,49,0.6142,0.7174,43,0.6891,0.6073,30,0.5472,0.7174,25,0.7479,0.7038,84,0.7326,0.7013,79,
TWLO,Twilio,Information Technology,273.0000,-0.0264,25.7799,5.1000,Up,SMA200 72% vs 57% (n=31),53.0502,0.5298,0.3810,0.0549,0.7616,0.8264,0.0114,0.1250,0.5311,-1.0644,,,,0,,0.0000,,,,,0,0.0000,25.7799,5.1000,0.1913,0.2124,Up,False,,,0,,,0.5995,0.6870,94,0.5967,0.5669,97,0.6684,0.6870,42,0.5056,0.5669,44,0.6785,0.6870,31,0.5709,0.5669,28,0.5583,0.6870,26,0.7219,0.5669,31,0.7352,0.6884,80,0.6042,0.6417,83,
SBUX,Starbucks,Consumer Discretionary,93.5800,-0.0263,25.7730,10.6883,Mixed,BB upper 82% vs 71% (n=89),35.3935,0.1823,0.0705,0.0228,1.2688,0.5182,-0.0224,-0.0793,-0.0454,0.2265,,,,0,,0.0000,,,,,0,0.0000,25.7730,10.6883,-0.0999,-0.1520,Down,True,,,0,,,0.6236,0.6808,103,0.5478,0.6068,99,0.6458,0.6808,73,0.6136,0.6068,57,0.5601,0.6808,33,0.6690,0.6068,37,0.6574,0.6808,26,0.6428,0.6068,34,0.6523,0.6875,83,0.8153,0.7059,89,
IFF,International Flavors & Fragrances,Materials,84.1100,0.0023,25.6846,7.8700,Up,SMA200 84% vs 59% (n=12),50.1041,0.4892,0.0518,0.0202,1.3259,0.8457,-0.0006,0.0008,0.1077,-0.2074,,,,0,,0.0000,,,,,0,0.0000,25.6846,7.8700,-0.0302,0.0396,Mixed,True,,,0,,,0.6032,0.5907,111,0.5536,0.6691,102,0.6083,0.5907,64,0.6077,0.6691,58,0.5841,0.5907,36,0.6399,0.6691,33,0.8352,0.5907,12,0.4730,0.6691,8,0.6636,0.6879,77,0.7685,0.6928,92,
APA,APA Corporation,Energy,43.8100,-0.0066,25.6575,5.1000,Up,,53.3563,0.4839,0.1192,0.0351,0.5892,0.8620,-0.0019,0.0407,0.2391,-0.1167,,,,0,,0.0000,,,,,0,0.0000,25.6575,5.1000,-0.0112,0.2888,Up,False,,,0,,,0.6367,0.6454,110,0.6549,0.6322,93,0.7352,0.6454,58,0.5620,0.6322,61,0.5790,0.6454,35,0.5882,0.6322,36,0.7420,0.6454,17,0.6975,0.6322,24,0.7159,0.7439,70,0.6380,0.6533,91,
UNH,UnitedHealth Group,Health Care,375.9800,-0.0009,25.6465,1.5080,Up,,45.8391,0.5243,0.0484,0.0236,1.1508,0.5977,0.0012,-0.0346,0.0641,1.0951,,,,0,,0.0000,,,,,0,0.0000,25.6465,1.5080,-0.0735,-0.1602,Down,False,,,0,,,0.6589,0.7059,105,0.5875,0.5395,95,0.6004,0.7059,54,0.5962,0.5395,60,0.6804,0.7059,56,0.5502,0.5395,49,0.5704,0.7059,29,0.5857,0.5395,27,0.6726,0.6237,80,0.6811,0.6656,88,Earnings Tue Oct 13
HPQ,HP Inc.,Information Technology,32.2400,0.0161,25.5423,5.1000,Up,SMA200 81% vs 65% (n=34) | SMA100 76% vs 62% (n=45),53.6444,0.4452,0.1583,0.0408,0.8347,0.7935,-0.0087,0.0497,0.3826,-0.1935,,,,0,,0.0000,,,,,0,0.0000,25.5423,5.1000,0.0272,0.3126,Up,False,,,0,,,0.6488,0.6182,100,0.5401,0.6516,86,0.6925,0.6182,66,0.6093,0.6516,61,0.7647,0.6182,45,0.4560,0.6516,39,0.5158,0.6182,26,0.8054,0.6516,34,0.6643,0.7082,68,0.6275,0.6528,91,
MTD,Mettler Toledo,Health Care,1533.4800,0.0003,25.4254,6.2442,Up,,64.6408,0.7341,0.2483,0.0291,1.0425,0.9072,0.0581,0.0802,0.1610,5.7706,,,,0,,0.0000,,,,,0,0.0000,25.4254,6.2442,0.1397,0.1541,Up,False,,,0,,,0.6575,0.6596,108,0.6171,0.6391,99,0.5816,0.6596,59,0.6751,0.6391,62,0.7475,0.6596,41,0.5371,0.6391,38,0.5245,0.6596,22,0.6744,0.6391,25,0.7237,0.6624,95,0.7149,0.6921,81,
EXPD,Expeditors International,Industrials,190.8500,-0.0050,25.4018,0.0000,Up,,53.9955,0.5929,0.0605,0.0203,0.7357,0.9465,0.0056,0.0258,0.1714,0.1008,,,,0,,0.0000,,,,,0,0.0000,25.4018,0.0000,0.0091,0.0821,Up,False,,,0,,,0.6475,0.7034,110,0.5282,0.6904,94,0.6596,0.7034,70,0.5935,0.6904,63,0.7382,0.7034,54,0.5552,0.6904,46,0.6916,0.7034,42,0.6190,0.6904,36,0.8056,0.7651,78,0.6525,0.6505,95,
KEY,KeyCorp,Financials,19.8300,-0.0154,25.3405,14.0508,Mixed,SMA200 76% vs 65% (n=14),30.0180,0.1831,0.1253,0.0204,1.0051,0.4999,-0.0397,-0.0803,-0.0670,-0.0172,,,,0,,0.0000,,,,,0,0.0000,25.3405,14.0508,-0.1072,-0.1698,Down,False,,,0,,,0.6302,0.6348,100,0.6249,0.6528,93,0.6482,0.6348,57,0.5744,0.6528,58,0.5908,0.6348,46,0.5522,0.6528,46,0.5770,0.6348,16,0.7562,0.6528,14,0.6374,0.6577,77,0.6168,0.6282,86,Earnings Tue Oct 20
CAH,Cardinal Health,Health Care,232.1600,-0.0055,25.3303,0.4312,Up,,54.1742,0.7152,0.0950,0.0241,0.5816,0.7619,0.0204,-0.0009,0.0671,1.2350,,,,0,,0.0000,,,,,0,0.0000,25.3303,0.4312,-0.0496,-0.0411,Up,False,,,0,,,0.7168,0.7077,99,0.4898,0.5409,78,0.7885,0.7077,63,0.6205,0.5409,43,0.6897,0.7077,32,0.5229,0.5409,25,0.7221,0.7077,11,0.6280,0.5409,9,0.7452,0.7269,67,0.6135,0.5886,96,
AMGN,Amgen,Health Care,413.0800,0.0260,25.3256,0.6474,Up,,54.1861,0.7229,0.1577,0.0249,0.7153,0.7965,0.0351,0.0072,0.1402,0.6718,,,,0,,0.0000,,,,,0,0.0000,25.3256,0.6474,0.0334,0.1062,Up,False,,,0,,,0.6290,0.6047,100,0.6239,0.6629,82,0.6682,0.6047,52,0.5755,0.6629,51,0.6683,0.6047,49,0.6500,0.6629,37,0.6081,0.6047,23,0.5461,0.6629,21,0.6888,0.6817,74,0.5369,0.5806,86,
CFG,Citizens Financial Group,Financials,63.0700,-0.0159,25.2925,14.0545,Mixed,,29.5960,0.1855,0.1453,0.0219,1.0055,0.5739,-0.0457,-0.0901,-0.0246,-0.0982,,,,0,,0.0000,,,,,0,0.0000,25.2925,14.0545,-0.1161,-0.1278,Down,False,,,0,,,0.6030,0.6314,103,0.6369,0.6490,99,0.6208,0.6314,50,0.5103,0.6490,54,0.6792,0.6314,38,0.6277,0.6490,32,0.5328,0.6314,12,0.6821,0.6490,13,0.7087,0.6836,69,0.6323,0.5831,93,Earnings Fri Oct 16
MNST,Monster Beverage,Consumer Staples,42.8800,-0.0086,25.2801,0.0000,Up,,43.1468,0.3790,0.0897,0.0226,0.8445,0.5769,-0.0109,-0.0516,0.0094,0.1185,,,,0,,0.0000,,,,,0,0.0000,25.2801,0.0000,-0.0235,-0.1483,Down,False,,,0,,,0.6868,0.6667,112,0.5893,0.6124,85,0.5906,0.6667,53,0.6380,0.6124,50,0.7279,0.6667,45,0.5257,0.6124,33,0.6373,0.6667,30,0.5483,0.6124,26,0.7313,0.6739,79,0.7088,0.6364,104,
GLW,Corning Inc.,Information Technology,163.2500,-0.0339,25.2736,1.1485,Up,,54.3159,0.7405,0.1889,0.0498,0.6603,0.4440,0.0454,0.0578,0.0792,1.3603,,,,0,,0.0000,,,,,0,0.0000,25.2736,1.1485,-0.0335,-0.1863,Up,False,,,0,,,0.6916,0.6540,101,0.5466,0.5725,88,0.6206,0.6540,55,0.5871,0.5725,51,0.6550,0.6540,29,0.6653,0.5725,28,0.6650,0.6540,27,0.5538,0.5725,20,0.7011,0.6949,67,0.6367,0.5762,97,
LLY,Lilly (Eli),Health Care,1188.7200,0.0270,25.2698,7.1832,Up,,57.7046,0.8967,0.0718,0.0279,1.0270,0.7977,0.0285,0.0126,0.1077,2.1133,,,,0,,0.0000,,,,,0,0.0000,25.2698,7.1832,0.0404,-0.0583,Up,False,,,0,,,0.5832,0.7261,97,0.6051,0.5685,89,0.6798,0.7261,65,0.4413,0.5685,51,0.6489,0.7261,39,0.6290,0.5685,33,0.5866,0.7261,18,0.6488,0.5685,18,0.7606,0.7007,72,0.6081,0.6372,89,
ELV,Elevance Health,Health Care,404.3100,0.0105,25.2665,5.1000,Up,SMA200 73% vs 57% (n=32),54.3338,0.5254,0.1151,0.0242,0.7421,0.8162,0.0029,0.0176,0.1113,-0.4394,,,,0,,0.0000,,,,,0,0.0000,25.2665,5.1000,-0.0069,-0.0706,Up,False,,,0,,,0.6180,0.7216,101,0.6373,0.5698,100,0.7201,0.7216,75,0.5910,0.5698,76,0.5515,0.7216,52,0.6656,0.5698,46,0.6527,0.7216,28,0.7300,0.5698,32,0.7483,0.7147,80,0.6623,0.6489,89,Earnings Wed Oct 21
CVS,CVS Health,Health Care,87.9500,0.0176,25.1771,0.0000,Up,,43.4496,0.4259,0.1535,0.0249,0.9648,0.4689,-0.0114,-0.0608,0.0099,0.2065,,,,0,,0.0000,,,,,0,0.0000,25.1771,0.0000,-0.1017,-0.1757,Down,False,,,0,,,0.5794,0.6049,102,0.5672,0.6118,92,0.5614,0.6049,68,0.5778,0.6118,66,0.6494,0.6049,49,0.4880,0.6118,42,0.6315,0.6049,22,0.5603,0.6118,20,0.6252,0.6595,69,0.6579,0.6250,91,
GOOGL,Alphabet Inc. (Class A),Communication Services,350.5000,0.0081,25.1751,2.8678,Up,SMA200 84% vs 69% (n=23),55.7516,0.7877,0.0607,0.0240,0.7840,0.6668,0.0175,0.0144,0.0332,0.7056,SMA200,1.3391,0.8423,23,0.6858,8.3959,,,,,0,0.0000,25.1751,2.8678,0.0187,-0.0593,Mixed,False,,,0,,,0.6768,0.6858,102,0.5295,0.5600,89,0.5801,0.6858,49,0.5680,0.5600,51,0.5832,0.6858,35,0.5527,0.5600,29,0.8423,0.6858,23,0.3620,0.5600,16,0.7285,0.6840,78,0.6823,0.6139,89,
A,Agilent Technologies,Health Care,169.0900,-0.0014,25.1503,8.4589,Up,,61.3355,0.6558,0.2476,0.0302,1.0150,0.8881,0.0386,0.0968,0.2728,-0.1448,,,,0,,0.0000,,,,,0,0.0000,25.1503,8.4589,0.1359,0.2311,Up,False,,,0,,,0.6099,0.6490,97,0.5973,0.6349,94,0.6208,0.6490,63,0.6871,0.6349,55,0.6456,0.6490,31,0.5142,0.6349,34,0.6209,0.6490,34,0.5128,0.6349,38,0.7298,0.6699,86,0.6962,0.6413,83,
BEN,Franklin Resources,Financials,32.4800,0.0012,25.1456,33.8162,Up,SMA100 73% vs 59% (n=36),45.2967,0.3535,0.0441,0.0233,1.0702,0.7827,-0.0065,-0.0256,0.1174,0.0174,,,,0,,0.0000,SMA100,-0.2204,0.5932,0.7343,36,60.2082,25.1456,33.8162,-0.0703,-0.0623,Down,False,,,0,,,0.5723,0.7004,97,0.6337,0.5932,96,0.6378,0.7004,49,0.6381,0.5932,53,0.6358,0.7004,24,0.7343,0.5932,36,0.7334,0.7004,23,0.6297,0.5932,22,0.6575,0.6436,79,0.6212,0.6065,82,
ANET,Arista Networks,Information Technology,215.8300,0.0022,25.1372,13.9589,Up,,67.1746,0.9694,0.1384,0.0322,1.0137,0.9855,0.0650,0.1018,0.3469,0.8926,,,,0,,0.0000,,,,,0,0.0000,25.1372,13.9589,0.0898,0.1321,Up,False,,,0,,,0.6538,0.6614,101,0.5189,0.5822,93,0.6617,0.6614,68,0.5345,0.5822,49,0.5792,0.6614,42,0.5193,0.5822,39,0.7077,0.6614,28,0.5436,0.5822,15,0.7513,0.7103,65,0.5895,0.5452,93,
XOM,ExxonMobil,Energy,164.0500,-0.0026,25.0320,0.0000,Up,,54.9200,0.5894,0.0593,0.0212,0.7007,0.8497,0.0053,0.0200,0.1054,0.0223,,,,0,,0.0000,,,,,0,0.0000,25.0320,0.0000,0.0039,0.1647,Up,False,,,0,,,0.6800,0.7313,115,0.4800,0.6008,101,0.7073,0.7313,68,0.5772,0.6008,66,0.7308,0.7313,52,0.5170,0.6008,49,0.7277,0.7313,33,0.5126,0.6008,28,0.7309,0.7425,63,0.6972,0.6200,110,
ZBRA,Zebra Technologies,Information Technology,386.0500,0.0007,25.0000,12.7573,Up,SMA100 76% vs 66% (n=23),69.1372,0.8958,0.1593,0.0278,0.8526,0.9752,0.0630,0.0794,0.4347,1.6659,,,,0,,0.0000,,,,,0,0.0000,25.0000,12.7573,0.0778,0.3794,Up,False,,,0,,,0.5422,0.5861,87,0.6265,0.6594,88,0.5699,0.5861,51,0.6106,0.6594,56,0.6358,0.5861,28,0.7644,0.6594,23,0.5738,0.5861,21,0.7536,0.6594,34,0.6885,0.6464,84,0.5537,0.6058,69,
AME,Ametek,Industrials,248.6200,-0.0201,25.0000,0.0519,Up,,55.1018,0.6521,0.1185,0.0205,0.8349,0.8528,0.0180,0.0183,0.0790,0.7639,,,,0,,0.0000,,,,,0,0.0000,25.0000,0.0519,0.0300,0.0321,Up,False,,,0,,,0.6924,0.7129,107,0.5697,0.6348,97,0.6790,0.7129,65,0.5800,0.6348,59,0.7415,0.7129,43,0.5231,0.6348,41,0.7592,0.7129,34,0.4823,0.6348,22,0.7200,0.6895,79,0.7170,0.6426,100,
MO,Altria,Consumer Staples,69.3800,0.0121,25.0000,6.3757,Up,SMA200 76% vs 56% (n=28),57.3138,0.7034,0.0510,0.0193,0.8987,0.7268,0.0104,0.0289,0.0573,-0.0429,,,,0,,0.0000,,,,,0,0.0000,25.0000,6.3757,0.0168,-0.0519,Up,False,,,0,,,0.6818,0.6711,107,0.5352,0.5605,88,0.6857,0.6711,67,0.5194,0.5605,60,0.6519,0.6711,40,0.6486,0.5605,38,0.6920,0.6711,23,0.7576,0.5605,28,0.7334,0.7018,68,0.6640,0.5970,102,
WAT,Waters Corporation,Health Care,435.9900,-0.0010,25.0000,7.0795,Up,,58.4434,0.7079,0.1070,0.0295,0.9972,0.8920,0.0222,0.0535,0.1963,-0.0737,,,,0,,0.0000,,,,,0,0.0000,25.0000,7.0795,0.0649,0.1196,Up,False,,,0,,,0.6124,0.6468,108,0.6536,0.6478,104,0.6326,0.6468,57,0.5937,0.6478,61,0.6561,0.6468,35,0.7046,0.6478,38,0.6746,0.6468,28,0.6320,0.6478,27,0.7647,0.7067,86,0.6941,0.6796,95,
RVTY,Revvity,Health Care,153.6000,0.0020,25.0000,11.4073,Up,SMA200 73% vs 63% (n=42),66.3935,0.7175,0.2690,0.0380,0.9513,0.8513,0.0585,0.1770,0.4348,-0.0094,,,,0,,0.0000,,,,,0,0.0000,25.0000,11.4073,0.1915,0.3242,Up,False,,,0,,,0.6079,0.7083,101,0.5632,0.6284,107,0.6282,0.7083,61,0.6495,0.6284,63,0.6515,0.7083,51,0.6135,0.6284,49,0.5404,0.7083,29,0.7286,0.6284,42,0.6969,0.7028,89,0.7144,0.6452,92,
APH,Amphenol,Information Technology,87.5500,-0.0121,25.0000,8.2164,Up,,63.4570,0.8378,0.1721,0.0299,0.7561,0.9235,0.0581,0.0694,0.1787,0.6388,,,,0,,0.0000,,,,,0,0.0000,25.0000,8.2164,0.0553,0.0444,Up,False,,,0,,,0.6169,0.7463,90,0.5918,0.6121,88,0.6227,0.7463,57,0.6044,0.6121,53,0.7269,0.7463,40,0.4730,0.6121,35,0.6533,0.7463,22,0.6711,0.6121,22,0.8033,0.7100,68,0.5932,0.5423,89,
BE,Bloom Energy,Industrials,291.2900,-0.0152,25.0000,5.4734,Up,,58.4389,0.8313,0.1681,0.0660,0.6625,0.7823,0.0557,0.1996,0.3834,0.2790,,,,0,,0.0000,,,,,0,0.0000,25.0000,5.4734,0.0335,0.0968,Up,False,,,0,,,0.6474,0.7131,90,0.5956,0.5397,97,0.6971,0.7131,46,0.6068,0.5397,49,0.7078,0.7131,41,0.6316,0.5397,39,0.7251,0.7131,22,0.6300,0.5397,28,0.6067,0.6434,81,0.6543,0.6438,84,
TXN,Texas Instruments,Information Technology,288.9800,-0.0278,25.0000,21.5632,Up,BB lower 77% vs 66% (n=85) | SMA100 69% vs 59% (n=47),61.7234,0.7981,0.1707,0.0281,0.7946,0.7620,0.0509,0.0648,0.1607,2.6790,,,,0,,0.0000,SMA100,0.5150,0.5936,0.6936,47,32.8421,25.0000,21.5632,0.0989,-0.0951,Up,False,,,0,,,0.5520,0.6879,97,0.6541,0.5936,99,0.6517,0.6879,57,0.5750,0.5936,61,0.6625,0.6879,56,0.6936,0.5936,47,0.4944,0.6879,40,0.5760,0.5936,47,0.7712,0.6583,85,0.6466,0.6074,91,Earnings Wed Oct 21
TER,Teradyne,Information Technology,411.7800,-0.0431,25.0000,0.2639,Up,,55.5175,0.6703,0.3360,0.0496,0.9647,0.7868,0.0572,0.0823,0.2166,4.5090,,,,0,,0.0000,,,,,0,0.0000,25.0000,0.2639,0.0895,0.0991,Up,False,,,0,,,0.6833,0.6980,104,0.5961,0.5659,82,0.6806,0.6980,53,0.6654,0.5659,52,0.5844,0.6980,35,0.6548,0.5659,30,0.7352,0.6980,27,0.5840,0.5659,17,0.6688,0.7054,69,0.6224,0.5934,93,
VLO,Valero Energy,Energy,424.1000,0.0116,25.0000,15.9363,Up,SMA200 68% vs 56% (n=17),71.6951,0.9619,0.1467,0.0356,0.4755,0.9823,0.0678,0.1710,0.6138,1.2726,,,,0,,0.0000,,,,,0,0.0000,25.0000,15.9363,0.0905,0.4772,Up,False,,,0,,,0.7009,0.7207,90,0.5295,0.5608,89,0.7059,0.7207,61,0.6105,0.5608,57,0.6434,0.7207,44,0.5610,0.5608,41,0.7458,0.7207,24,0.6782,0.5608,17,0.7483,0.7192,68,0.6270,0.5565,108,Earnings Thu Oct 22
ADI,Analog Devices,Information Technology,410.0800,-0.0249,25.0000,6.8125,Up,,63.8001,0.7820,0.2020,0.0272,0.7671,0.8460,0.0570,0.0856,0.1392,3.5186,,,,0,,0.0000,,,,,0,0.0000,25.0000,6.8125,0.1119,0.0084,Up,False,,,0,,,0.6148,0.6979,90,0.6083,0.6311,107,0.7361,0.6979,65,0.6253,0.6311,72,0.6822,0.6979,47,0.6181,0.6311,47,0.7597,0.6979,26,0.5635,0.6311,20,0.7781,0.7284,82,0.6688,0.6314,88,
AMAT,Applied Materials,Information Technology,520.6500,-0.0181,25.0000,4.1022,Up,,59.9920,0.7549,0.3428,0.0362,0.6101,0.5933,0.0874,0.0665,0.2076,8.5376,,,,0,,0.0000,,,,,0,0.0000,25.0000,4.1022,0.0840,-0.1511,Up,False,,,0,,,0.6437,0.6643,98,0.5922,0.6115,93,0.7203,0.6643,58,0.5453,0.6115,50,0.6341,0.6643,27,0.5842,0.6115,31,0.6027,0.6643,17,0.4029,0.6115,12,0.7016,0.6767,64,0.6201,0.5968,95,
TMO,Thermo Fisher Scientific,Health Care,662.0600,0.0083,25.0000,5.9334,Up,,56.6341,0.5808,0.1366,0.0277,0.7758,0.8758,0.0110,0.0628,0.2187,-2.6556,,,,0,,0.0000,,,,,0,0.0000,25.0000,5.9334,0.0815,0.2262,Up,False,,,0,,,0.5982,0.6550,94,0.6478,0.6063,97,0.6295,0.6550,51,0.6805,0.6063,51,0.6569,0.6550,35,0.5237,0.6063,35,0.6006,0.6550,32,0.4982,0.6063,37,0.7072,0.6916,89,0.6397,0.5927,81,Earnings Wed Oct 21
TECH,Bio-Techne,Health Care,72.5300,0.0014,25.0000,6.8674,Up,,58.2477,0.7039,0.0077,0.0027,0.9774,0.9946,0.0016,0.0034,0.1671,-0.0411,,,,0,,0.0000,,,,,0,0.0000,25.0000,6.8674,-0.0142,-0.0160,Up,False,,,0,,,0.6178,0.6497,86,0.6874,0.6235,100,0.6794,0.6497,69,0.5447,0.6235,63,0.6064,0.6497,58,0.5544,0.6235,51,0.6954,0.6497,40,0.6394,0.6235,39,0.7132,0.6522,95,0.6749,0.6601,74,
VEEV,Veeva Systems,Health Care,282.5000,-0.0035,25.0000,10.8814,Up,SMA100 71% vs 61% (n=40),61.3932,0.7890,0.1325,0.0319,0.7429,0.8276,0.0383,0.1031,0.3971,-0.2612,,,,0,,0.0000,,,,,0,0.0000,25.0000,10.8814,0.0495,0.4527,Up,False,,,0,,,0.6577,0.6126,94,0.5755,0.6310,89,0.6866,0.6126,52,0.5678,0.6310,48,0.7148,0.6126,40,0.5293,0.6310,31,0.6362,0.6126,25,0.6355,0.6310,22,0.7057,0.6875,75,0.6187,0.6238,76,
V,Visa Inc.,Financials,372.1000,0.0039,25.0000,1.4675,Up,,55.6707,0.7397,0.0508,0.0158,0.7350,0.8549,0.0122,0.0081,0.1044,0.3972,,,,0,,0.0000,,,,,0,0.0000,25.0000,1.4675,-0.0078,0.0341,Up,False,,,0,,,0.6216,0.6823,113,0.6677,0.6108,100,0.5518,0.6823,68,0.6492,0.6108,66,0.6677,0.6823,54,0.5289,0.6108,46,0.7273,0.6823,41,0.4444,0.6108,24,0.7450,0.7188,71,0.6748,0.6196,96,
PM,Philip Morris International,Consumer Staples,192.6900,0.0120,25.0000,6.4577,Up,SMA200 70% vs 53% (n=39),57.7489,0.8784,0.0431,0.0221,0.8662,0.8065,0.0163,0.0240,0.0977,0.1642,,,,0,,0.0000,,,,,0,0.0000,25.0000,6.4577,0.0348,0.0362,Up,False,,,0,,,0.6153,0.7286,95,0.5912,0.5302,96,0.6889,0.7286,67,0.6079,0.5302,62,0.6166,0.7286,51,0.5600,0.5302,48,0.4857,0.7286,37,0.7005,0.5302,39,0.7407,0.6934,74,0.6072,0.5290,95,Earnings Tue Oct 20
PANW,Palo Alto Networks,Information Technology,405.5700,-0.0342,25.0000,4.6561,Up,,60.1059,0.7724,0.2233,0.0423,0.6324,0.9086,0.0608,0.1042,0.5985,2.7971,,,,0,,0.0000,,,,,0,0.0000,25.0000,4.6561,0.1863,0.1623,Up,False,,,0,,,0.6729,0.6681,104,0.5023,0.5560,92,0.6257,0.6681,69,0.6226,0.5560,59,0.6734,0.6681,46,0.5768,0.5560,38,0.7224,0.6681,26,0.5250,0.5560,25,0.6306,0.6654,70,0.6424,0.5957,90,
CSCO,Cisco,Information Technology,117.3900,-0.0047,25.0000,14.5081,Up,SMA100 65% vs 55% (n=30),66.7806,1.0749,0.1263,0.0231,0.8932,0.8120,0.0726,0.0502,0.2034,1.3482,,,,0,,0.0000,,,,,0,0.0000,25.0000,14.5081,0.0622,-0.0404,Up,False,,,0,,,0.6392,0.6877,102,0.5466,0.5486,86,0.6844,0.6877,57,0.5928,0.5486,52,0.6320,0.6877,32,0.6528,0.5486,30,0.7501,0.6877,13,0.5122,0.5486,12,0.8201,0.7626,68,0.5554,0.5789,101,
AMD,Advanced Micro Devices,Information Technology,645.8600,-0.0055,25.0000,10.1298,Up,,70.7018,0.7749,0.3605,0.0363,0.8425,0.9731,0.0991,0.2358,0.6938,2.9007,,,,0,,0.0000,,,,,0,0.0000,25.0000,10.1298,0.2598,0.1448,Up,False,,,0,,,0.6041,0.6906,85,0.6215,0.6055,90,0.5367,0.6906,44,0.5904,0.6055,56,0.6045,0.6906,32,0.6406,0.6055,31,0.7165,0.6906,18,0.5889,0.6055,12,0.7097,0.6534,80,0.5885,0.5806,90,
HLT,Hilton Worldwide,Consumer Discretionary,320.5300,-0.0064,25.0000,3.3560,Up,,55.2175,0.8145,0.0820,0.0195,0.5383,0.6440,0.0258,0.0106,0.0133,1.5513,,,,0,,0.0000,,,,,0,0.0000,25.0000,3.3560,0.0355,-0.0868,Up,False,,,0,,,0.6712,0.7074,106,0.5278,0.6522,90,0.6991,0.7074,73,0.5501,0.6522,68,0.7475,0.7074,64,0.5024,0.6522,41,0.7317,0.7074,19,0.6804,0.6522,16,0.7244,0.7463,65,0.6150,0.5853,99,
MPC,Marathon Petroleum,Energy,442.2600,0.0229,25.0000,18.5439,Up,SMA100 70% vs 50% (n=29),74.6939,1.0104,0.1674,0.0337,0.6384,0.9904,0.0855,0.1863,0.6718,2.1796,,,,0,,0.0000,,,,,0,0.0000,25.0000,18.5439,0.0946,0.5289,Up,False,,,0,,,0.7103,0.6920,90,0.4756,0.5000,78,0.6878,0.6920,64,0.4754,0.5000,57,0.6373,0.6920,38,0.6970,0.5000,29,0.6884,0.6920,16,0.4545,0.5000,18,0.7074,0.6898,72,0.5297,0.5508,104,
LRCX,Lam Research,Information Technology,329.5100,-0.0131,25.0000,1.3043,Up,BB upper 68% vs 56% (n=97),56.8959,0.7119,0.3205,0.0414,0.6775,0.6472,0.0679,0.0676,0.1885,3.9308,,,,0,,0.0000,,,,,0,0.0000,25.0000,1.3043,0.0122,-0.1025,Up,False,,,0,,,0.7208,0.7004,97,0.5011,0.5265,90,0.6794,0.7004,59,0.5282,0.5265,53,0.6612,0.7004,32,0.4881,0.5265,29,0.6534,0.7004,11,0.4793,0.5265,15,0.7038,0.7051,54,0.6758,0.5650,97,Earnings Wed Oct 21
DELL,Dell Technologies,Information Technology,578.9600,0.0086,25.0000,11.8050,Up,SMA100 70% vs 52% (n=26),60.6866,0.8343,0.1362,0.0488,0.5000,0.9659,0.0455,0.1627,0.9347,-1.3245,,,,0,,0.0000,,,,,0,0.0000,25.0000,11.8050,0.0672,0.2516,Up,False,,,0,,,0.7093,0.7329,96,0.4771,0.5185,80,0.7376,0.7329,42,0.5350,0.5185,41,0.4976,0.7329,24,0.7025,0.5185,26,0.6773,0.7329,21,0.6182,0.5185,22,0.7098,0.7124,62,0.6144,0.5714,99,
META,Meta Platforms,Communication Services,721.3100,-0.0238,25.0000,6.4664,Up,SMA200 69% vs 54% (n=15),57.6793,0.5636,0.2135,0.0328,0.5966,0.7754,0.0136,0.1394,0.1475,-3.5579,,,,0,,0.0000,,,,,0,0.0000,25.0000,6.4664,0.1595,0.1067,Up,False,,,0,,,0.5944,0.7251,85,0.5777,0.5369,88,0.5746,0.7251,55,0.5931,0.5369,62,0.6173,0.7251,25,0.6296,0.5369,28,0.3934,0.7251,11,0.6920,0.5369,15,0.7195,0.7008,68,0.6056,0.5801,89,
DDOG,Datadog,Information Technology,271.3400,-0.0248,25.0000,4.9954,Up,SMA50 81% vs 58% (n=69) | SMA200 79% vs 65% (n=22),63.3727,0.7256,0.3215,0.0416,0.5337,0.8902,0.0725,0.1022,0.4519,2.5878,,,,0,,0.0000,,,,,0,0.0000,25.0000,4.9954,0.2735,-0.0278,Up,False,,,0,,,0.5920,0.6525,95,0.6731,0.5772,96,0.4318,0.6525,53,0.8124,0.5772,69,0.6336,0.6525,38,0.6583,0.5772,39,0.7927,0.6525,22,0.5724,0.5772,21,0.7252,0.6599,81,0.6249,0.6536,77,
CRWD,CrowdStrike,Information Technology,265.4400,-0.0481,25.0000,3.2152,Up,,61.3044,0.6852,0.2973,0.0433,0.8346,0.8930,0.0551,0.1785,0.7034,0.6517,,,,0,,0.0000,,,,,0,0.0000,25.0000,3.2152,0.2467,0.3014,Up,False,,,0,,,0.6517,0.6840,103,0.5883,0.5756,90,0.6796,0.6840,53,0.5776,0.5756,45,0.6855,0.6840,35,0.5462,0.5756,35,0.5789,0.6840,18,0.5858,0.5756,17,0.7098,0.6642,73,0.6205,0.5988,103,
COHR,Coherent Corp.,Information Technology,334.5600,-0.0112,25.0000,34.9929,Up,SMA100 72% vs 56% (n=27),59.2259,0.8614,0.2763,0.0608,0.8085,0.6822,0.0999,0.1107,0.1479,5.1542,,,,0,,0.0000,SMA100,0.3242,0.5636,0.7179,27,60.4583,25.0000,34.9929,0.0910,-0.0141,Up,False,,,0,,,0.6555,0.6815,110,0.5395,0.5636,91,0.6246,0.6815,50,0.6378,0.5636,45,0.6789,0.6815,28,0.7179,0.5636,27,0.7306,0.6815,23,0.6627,0.5636,16,0.7475,0.7047,68,0.6506,0.6147,92,
MSFT,Microsoft,Information Technology,529.7600,0.0009,25.0000,14.8536,Up,,68.2125,0.9864,0.0939,0.0215,0.7637,0.9031,0.0457,0.0684,0.2256,1.6382,,,,0,,0.0000,,,,,0,0.0000,25.0000,14.8536,0.0553,0.3444,Up,False,,,0,,,0.6218,0.7350,94,0.5682,0.5690,88,0.5922,0.7350,55,0.6299,0.5690,52,0.5626,0.7350,35,0.6654,0.5690,43,0.7576,0.7350,21,0.4510,0.5690,21,0.6850,0.6993,76,0.6432,0.5783,82,
MRNA,Moderna,Health Care,196.4800,0.0481,25.0000,10.2549,Up,,63.6723,0.7258,0.5160,0.0751,0.9446,0.9171,0.1165,0.4877,1.7726,-1.3514,,,,0,,0.0000,,,,,0,0.0000,25.0000,10.2549,0.3829,1.5298,Up,False,,,0,,,0.6199,0.6371,84,0.6374,0.6415,102,0.6129,0.6371,54,0.7339,0.6415,54,0.6396,0.6371,25,0.5755,0.6415,30,0.5968,0.6371,12,0.7283,0.6415,16,0.7037,0.6840,88,0.6509,0.6689,80,
MPWR,Monolithic Power Systems,Information Technology,1425.9800,-0.0324,25.0000,5.0645,Up,SMA50 68% vs 57% (n=64),61.1088,0.7688,0.3346,0.0375,0.6691,0.6789,0.0899,0.0874,0.1077,20.1477,,,,0,,0.0000,,,,,0,0.0000,25.0000,5.0645,0.1548,0.0028,Up,False,,,0,,,0.6417,0.7210,94,0.6382,0.5675,92,0.6471,0.7210,53,0.6804,0.5675,64,0.6950,0.7210,39,0.5289,0.5675,40,0.5883,0.7210,23,0.5811,0.5675,24,0.7355,0.7107,76,0.6484,0.6356,94,
PLTR,Palantir Technologies,Information Technology,194.1200,0.0107,25.0000,8.9310,Up,,66.1637,0.8143,0.1886,0.0309,0.7168,0.8675,0.0593,0.1174,0.2752,0.1147,,,,0,,0.0000,,,,,0,0.0000,25.0000,8.9310,0.1227,0.4678,Up,False,,,0,,,0.6531,0.6955,86,0.5847,0.5331,92,0.5964,0.6955,56,0.6288,0.5331,63,0.6853,0.6955,38,0.5533,0.5331,36,0.5652,0.6955,8,0.5960,0.5331,13,0.6297,0.6772,67,0.5358,0.5903,90,
PSX,Phillips 66,Energy,271.6200,0.0068,25.0000,16.4682,Up,,68.4619,0.8589,0.1025,0.0308,0.5702,0.9643,0.0368,0.1126,0.4718,-0.0403,,,,0,,0.0000,,,,,0,0.0000,25.0000,16.4682,0.0309,0.4020,Up,False,,,0,,,0.7164,0.7022,106,0.5038,0.5830,84,0.6335,0.7022,62,0.4666,0.5830,61,0.5917,0.7022,43,0.4964,0.5830,43,0.6270,0.7022,26,0.6236,0.5830,27,0.7026,0.7149,57,0.6294,0.5319,109,
NVDA,Nvidia,Information Technology,237.4700,-0.0074,25.0000,9.4793,Up,,64.4071,0.8652,0.1443,0.0236,0.7541,0.9258,0.0527,0.0773,0.1794,1.2635,,,,0,,0.0000,,,,,0,0.0000,25.0000,9.4793,0.0360,0.1359,Up,False,,,0,,,0.6556,0.7257,95,0.5642,0.5407,92,0.6218,0.7257,65,0.5586,0.5407,50,0.7001,0.7257,43,0.4780,0.5407,34,0.7317,0.7257,15,0.4402,0.5407,10,0.7615,0.7185,72,0.6764,0.5793,97,
LITE,Lumentum,Information Technology,1111.0699,-0.0197,25.0000,12.7538,Up,SMA50 71% vs 51% (n=47) | SMA200 65% vs 51% (n=27),66.6363,0.9407,0.3405,0.0571,0.7275,0.9736,0.1501,0.2301,0.4673,18.2232,,,,0,,0.0000,,,,,0,0.0000,25.0000,12.7538,0.1182,0.3775,Up,False,,,0,,,0.6421,0.7121,97,0.5689,0.5124,91,0.5970,0.7121,46,0.7069,0.5124,47,0.6462,0.7121,36,0.4878,0.5124,33,0.5660,0.7121,24,0.6468,0.5124,27,0.6755,0.6714,74,0.5834,0.5853,96,
AES,AES Corporation,Utilities,14.9300,0.0000,25.0000,13.6110,Up,SMA20 74% vs 64% (n=86),70.0027,0.9103,0.0125,0.0031,0.7342,0.4875,0.0051,0.0099,0.0317,0.0042,,,,0,,0.0000,,,,,0,0.0000,25.0000,13.6110,-0.0105,-0.0108,Up,False,,,0,,,0.5464,0.6339,83,0.7394,0.6364,86,0.5706,0.6339,39,0.6707,0.6364,49,0.6856,0.6339,42,0.5622,0.6364,45,0.6153,0.6339,18,0.5644,0.6364,20,0.6843,0.6208,80,0.5628,0.5839,73,
FTNT,Fortinet,Information Technology,189.2800,-0.0104,25.0000,13.4733,Up,SMA200 73% vs 47% (n=26) | SMA100 66% vs 47% (n=44),68.9107,0.9251,0.1866,0.0329,0.9499,0.9737,0.0793,0.1413,0.5748,1.2243,,,,0,,0.0000,,,,,0,0.0000,25.0000,13.4733,0.1848,0.1195,Up,False,,,0,,,0.6202,0.7623,117,0.5508,0.4690,92,0.6993,0.7623,69,0.5570,0.4690,64,0.5968,0.7623,43,0.6641,0.4690,44,0.6868,0.7623,15,0.7292,0.4690,26,0.8362,0.7659,75,0.6893,0.6374,94,
FFIV,"F5, Inc.",Information Technology,466.6500,-0.0067,25.0000,10.9988,Up,SMA100 70% vs 57% (n=38),67.3846,0.8653,0.1647,0.0276,0.8171,0.9775,0.0602,0.1238,0.3402,1.9321,,,,0,,0.0000,,,,,0,0.0000,25.0000,10.9988,0.1805,0.0479,Up,False,,,0,,,0.7198,0.7143,100,0.5382,0.5709,82,0.7518,0.7143,57,0.6018,0.5709,43,0.5516,0.7143,32,0.6972,0.5709,38,0.6343,0.7143,21,0.5129,0.5709,18,0.7648,0.7656,68,0.6018,0.5439,96,
P,Everpure,Information Technology,152.6600,0.0371,25.0000,19.9282,Up,,82.9703,0.9533,0.6250,0.0422,0.6343,0.9917,0.2833,0.4336,0.9126,3.3308,,,,0,,0.0000,,,,,0,0.0000,25.0000,19.9282,0.4922,0.8491,Up,False,,,0,,,0.6760,0.6488,96,0.5169,0.5341,93,0.6399,0.6488,61,0.5268,0.5341,57,0.7243,0.6488,41,0.3821,0.5341,33,0.6791,0.6488,44,0.5381,0.5341,39,0.7042,0.6763,68,0.6383,0.5970,100,
ILMN,"Illumina, Inc.",Health Care,267.7600,-0.0211,25.0000,2.2792,Up,SMA200 82% vs 62% (n=21),59.4691,0.6568,0.4138,0.0527,0.6578,0.8121,0.0649,0.1950,0.6236,0.5866,,,,0,,0.0000,,,,,0,0.0000,25.0000,2.2792,0.2514,0.3454,Up,False,,,0,,,0.6364,0.6368,110,0.5798,0.6150,102,0.6364,0.6368,55,0.6581,0.6150,59,0.6231,0.6368,37,0.6829,0.6150,45,0.4586,0.6368,19,0.8184,0.6150,21,0.6855,0.6743,86,0.7238,0.6472,88,
JCI,Johnson Controls,Industrials,155.9300,-0.0178,25.0000,8.8424,Up,,63.9903,0.8503,0.1667,0.0233,0.5575,0.9212,0.0584,0.0638,0.1337,1.3429,,,,0,,0.0000,,,,,0,0.0000,25.0000,8.8424,0.0511,0.0762,Up,False,,,0,,,0.6324,0.6680,103,0.5827,0.6099,86,0.6760,0.6680,68,0.4826,0.6099,57,0.6885,0.6680,42,0.4360,0.6099,36,0.7040,0.6680,14,0.5244,0.6099,14,0.7450,0.7089,79,0.6203,0.6280,100,
KLAC,KLA Corporation,Information Technology,196.8300,-0.0032,25.0000,0.8081,Up,BB lower 85% vs 72% (n=70) | SMA200 83% vs 71% (n=21),56.0606,0.7094,0.2612,0.0393,0.7879,0.4739,0.0547,0.0521,0.1014,2.1615,,,,0,,0.0000,,,,,0,0.0000,25.0000,0.8081,0.0243,-0.1780,Up,False,,,0,,,0.6059,0.7087,103,0.5888,0.5733,95,0.6164,0.7087,59,0.6199,0.5733,61,0.6172,0.7087,33,0.5915,0.5733,32,0.8334,0.7087,21,0.4910,0.5733,19,0.8495,0.7154,70,0.5815,0.6006,93,
KEYS,Keysight Technologies,Information Technology,381.4200,-0.0170,25.0000,10.3762,Up,SMA200 80% vs 64% (n=38),68.7315,0.8191,0.2619,0.0275,0.9407,0.9632,0.0836,0.1270,0.2494,3.6851,,,,0,,0.0000,,,,,0,0.0000,25.0000,10.3762,0.1267,0.1474,Up,False,,,0,,,0.6388,0.6372,108,0.5492,0.6306,88,0.6703,0.6372,55,0.4640,0.6306,51,0.7320,0.6372,35,0.4829,0.6306,24,0.7988,0.6372,38,0.3492,0.6306,29,0.7268,0.6957,70,0.6076,0.5931,97,
GEV,GE Vernova,Industrials,997.0900,-0.0312,25.0000,43.9533,Up,SMA100 68% vs 51% (n=18),56.7025,0.8145,0.1497,0.0387,0.9048,0.7018,0.0471,0.0319,0.0809,9.2821,,,,0,,0.0000,SMA100,-0.0093,0.5126,0.6841,18,85.2231,25.0000,43.9533,0.0093,-0.1092,Up,False,,,0,,,0.7410,0.6792,55,0.5427,0.5126,44,0.7564,0.6792,30,0.5350,0.5126,26,0.6698,0.6792,12,0.6841,0.5126,18,0.8574,0.6792,5,0.3417,0.5126,2,0.8425,0.7929,33,0.4802,0.5533,61,
WSM,"Williams-Sonoma, Inc.",Consumer Discretionary,240.4600,-0.0074,25.0000,9.8381,Up,BB lower 83% vs 69% (n=89),60.8774,0.9414,0.1100,0.0285,0.8477,0.8395,0.0486,0.0270,0.1515,1.8227,,,,0,,0.0000,,,,,0,0.0000,25.0000,9.8381,0.0382,0.0613,Up,False,,,0,,,0.5606,0.7732,80,0.6392,0.5982,103,0.6305,0.7732,58,0.6579,0.5982,65,0.6839,0.7732,40,0.6540,0.5982,44,0.6598,0.7732,31,0.5241,0.5982,33,0.8254,0.6899,89,0.5986,0.6189,87,
FLEX,Flex Ltd.,Information Technology,119.3400,-0.0168,25.0000,7.7838,Up,,57.4988,0.9297,0.1363,0.0443,0.9534,0.5824,0.0586,0.0442,0.1881,1.2441,,,,0,,0.0000,,,,,0,0.0000,25.0000,7.7838,0.0268,-0.1837,Up,False,,,0,,,0.6671,0.7595,95,0.5699,0.5333,98,0.6148,0.7595,66,0.5667,0.5333,58,0.7508,0.7595,44,0.5154,0.5333,37,0.8349,0.7595,20,0.2756,0.5333,11,0.7941,0.7794,78,0.6261,0.5910,102,
BAC,Bank of America,Financials,53.5200,-0.0105,24.8854,14.0000,Mixed,,23.7134,0.2003,0.1896,0.0202,0.7935,0.4089,-0.0568,-0.1109,-0.0237,-0.2069,,,,0,,0.0000,,,,,0,0.0000,24.8854,14.0000,-0.1594,-0.1286,Down,False,,,0,,,0.6237,0.6533,98,0.5847,0.5520,87,0.7392,0.6533,55,0.4947,0.5520,51,0.6055,0.6533,35,0.4811,0.5520,38,0.6005,0.6533,22,0.4670,0.5520,20,0.6595,0.6210,68,0.5920,0.5588,91,Earnings Wed Oct 14
PH,Parker Hannifin,Industrials,952.7900,-0.0326,24.7435,0.0000,Up,,44.7249,0.4591,0.0829,0.0226,0.8257,0.6267,-0.0034,-0.0339,0.0098,2.6395,,,,0,,0.0000,,,,,0,0.0000,24.7435,0.0000,-0.0204,-0.0307,Down,False,,,0,,,0.6922,0.7074,107,0.5297,0.5661,89,0.6178,0.7074,54,0.6276,0.5661,49,0.7411,0.7074,43,0.4280,0.5661,34,0.7715,0.7074,23,0.4876,0.5661,15,0.7585,0.7214,71,0.6275,0.5640,100,
MDLZ,Mondelez International,Consumer Staples,59.3800,-0.0040,24.7161,6.0000,Up,,44.8055,0.3712,0.0911,0.0195,0.7858,0.5865,-0.0117,-0.0316,0.0121,-0.0500,,,,0,,0.0000,,,,,0,0.0000,24.7161,6.0000,-0.0452,-0.0090,Down,False,,,0,,,0.6255,0.6684,101,0.6497,0.6553,97,0.5028,0.6684,59,0.6823,0.6553,57,0.7162,0.6684,50,0.5386,0.6553,38,0.7320,0.6684,42,0.5261,0.6553,39,0.6311,0.6456,92,0.7118,0.6552,91,
FCX,Freeport-McMoRan,Materials,71.8600,-0.0096,24.7020,7.1035,Up,SMA100 80% vs 64% (n=49) | SMA200 79% vs 64% (n=36),50.7397,0.5933,0.0751,0.0372,1.2357,0.8003,0.0070,0.0102,0.1261,-0.0497,,,,0,,0.0000,,,,,0,0.0000,24.7020,7.1035,-0.0793,0.1536,Mixed,True,,,0,,,0.6508,0.6352,109,0.5967,0.6226,89,0.5826,0.6352,57,0.6537,0.6226,61,0.8027,0.6352,49,0.4300,0.6226,39,0.7885,0.6352,36,0.4997,0.6226,29,0.6758,0.6704,71,0.6608,0.6080,92,
IBKR,Interactive Brokers,Financials,87.7400,-0.0314,24.6966,13.0302,Up,SMA50 70% vs 57% (n=55),45.6342,0.3392,0.0950,0.0326,0.9314,0.7267,-0.0153,-0.0300,0.0758,0.0358,,,,0,,0.0000,SMA50,-0.9503,0.5704,0.6997,55,23.6913,24.6966,13.0302,-0.0527,-0.1148,Down,False,,,0,,,0.6845,0.7188,101,0.5947,0.5704,94,0.7097,0.7188,55,0.6997,0.5704,55,0.6948,0.7188,39,0.5815,0.5704,24,0.7950,0.7188,21,0.3832,0.5704,15,0.7428,0.7419,70,0.5748,0.5578,106,Earnings Thu Oct 15
IVZ,Invesco,Financials,30.5000,0.0039,24.6375,5.1000,Up,,45.0368,0.3819,0.0739,0.0272,0.9587,0.7681,-0.0087,-0.0282,0.1051,-0.0266,,,,0,,0.0000,,,,,0,0.0000,24.6375,5.1000,-0.0741,0.0367,Mixed,False,,,0,,,0.6566,0.6638,96,0.5587,0.6301,90,0.6217,0.6638,63,0.6213,0.6301,58,0.6740,0.6638,40,0.6190,0.6301,34,0.7015,0.6638,34,0.4816,0.6301,22,0.6805,0.6907,75,0.5891,0.6077,85,
GWW,W. W. Grainger,Industrials,1263.5100,-0.0094,24.5926,24.7961,Up,SMA50 74% vs 53% (n=58) | SMA100 80% vs 69% (n=48),45.1689,0.4050,0.0388,0.0196,0.8680,0.7022,-0.0037,-0.0243,0.0467,3.0161,,,,0,,0.0000,SMA20,-0.1889,0.5348,0.6379,84,45.0838,24.5926,24.7961,-0.0371,-0.1090,Down,False,,,0,,,0.6923,0.6933,104,0.6379,0.5348,84,0.5056,0.6933,45,0.7442,0.5348,58,0.8033,0.6933,48,0.3753,0.5348,39,0.7849,0.6933,11,0.5077,0.5348,14,0.7537,0.6972,74,0.6626,0.6491,95,
RF,Regions Financial Corporation,Financials,26.7000,-0.0129,24.5322,14.0000,Mixed,SMA200 78% vs 65% (n=29),25.5600,0.2148,0.1621,0.0203,0.8932,0.4728,-0.0462,-0.0972,-0.0542,-0.0339,,,,0,,0.0000,,,,,0,0.0000,24.5322,14.0000,-0.1293,-0.1545,Down,False,,,0,,,0.7101,0.6478,94,0.5618,0.5929,91,0.7146,0.6478,57,0.5424,0.5929,52,0.5465,0.6478,41,0.6249,0.5929,35,0.7755,0.6478,29,0.6249,0.5929,19,0.5621,0.6175,68,0.6355,0.6392,85,Earnings Fri Oct 16
MS,Morgan Stanley,Financials,189.7100,-0.0069,24.1891,14.0000,Mixed,,30.4297,0.2230,0.1594,0.0244,0.8775,0.4998,-0.0442,-0.0879,-0.0159,-0.5242,,,,0,,0.0000,,,,,0,0.0000,24.1891,14.0000,-0.1399,-0.1778,Down,False,,,0,,,0.6056,0.7539,105,0.6510,0.5613,87,0.5669,0.7539,56,0.5786,0.5613,50,0.6005,0.7539,26,0.6438,0.5613,29,0.7314,0.7539,22,0.4710,0.5613,22,0.7396,0.7263,77,0.5640,0.5803,87,Earnings Wed Oct 14
ADM,Archer Daniels Midland,Consumer Staples,81.3400,-0.0106,24.1824,5.1000,Up,,46.8050,0.3440,0.1319,0.0274,0.6245,0.7867,-0.0206,-0.0033,0.0983,-0.2034,,,,0,,0.0000,,,,,0,0.0000,24.1824,5.1000,-0.0546,-0.0001,Mixed,False,,,0,,,0.6473,0.6548,102,0.5772,0.6417,94,0.6705,0.6548,70,0.5819,0.6417,64,0.6405,0.6548,36,0.5626,0.6417,29,0.3677,0.6548,14,0.7027,0.6417,21,0.7275,0.7098,81,0.6697,0.6526,88,
GM,General Motors,Consumer Discretionary,80.9900,-0.0124,24.1713,6.0000,Up,,46.4078,0.3614,0.1349,0.0304,0.8039,0.7177,-0.0187,-0.0470,0.0076,-0.0927,,,,0,,0.0000,,,,,0,0.0000,24.1713,6.0000,-0.0732,0.0223,Down,False,,,0,,,0.5976,0.6895,96,0.5913,0.6336,95,0.5723,0.6895,48,0.6210,0.6336,50,0.6920,0.6895,39,0.4764,0.6336,37,0.6586,0.6895,26,0.5334,0.6336,27,0.6594,0.6765,82,0.5823,0.6645,83,Earnings Tue Oct 20
XYZ,"Block, Inc.",Financials,76.0700,-0.0061,24.1057,33.2683,Up,SMA100 79% vs 62% (n=37) | SMA200 71% vs 60% (n=29),46.6009,0.4632,0.0967,0.0291,0.7694,0.7197,-0.0036,-0.0421,0.0818,0.1639,,,,0,,0.0000,SMA100,-0.4466,0.6199,0.7922,37,60.4878,24.1057,33.2683,-0.0675,-0.0539,Down,False,,,0,,,0.5883,0.6040,97,0.6141,0.6199,101,0.5972,0.6040,62,0.5675,0.6199,55,0.4690,0.6040,31,0.7922,0.6199,37,0.7096,0.6040,29,0.6023,0.6199,30,0.6737,0.6526,83,0.6539,0.6446,81,
BLK,BlackRock,Financials,1069.6300,-0.0091,24.0583,0.0000,Up,,46.7403,0.5554,0.0430,0.0219,0.7265,0.5649,0.0024,-0.0332,0.0175,1.9834,,,,0,,0.0000,,,,,0,0.0000,24.0583,0.0000,-0.0407,0.0179,Down,False,,,0,,,0.6613,0.7012,94,0.5873,0.5519,90,0.6361,0.7012,57,0.6282,0.5519,60,0.6951,0.7012,36,0.6095,0.5519,39,0.6701,0.7012,36,0.6427,0.5519,29,0.6371,0.6300,80,0.6175,0.5852,84,Earnings Wed Oct 14
LYV,Live Nation Entertainment,Communication Services,170.8400,-0.0056,24.0160,0.0000,Up,SMA200 83% vs 67% (n=27) | SMA50 79% vs 67% (n=56),46.8646,0.6523,0.0330,0.0232,0.5853,0.7119,0.0050,-0.0335,0.0398,0.5434,,,,0,,0.0000,,,,,0,0.0000,24.0160,0.0000,-0.0149,-0.1008,Down,False,,,0,,,0.6454,0.6667,90,0.6681,0.6180,91,0.7944,0.6667,56,0.5346,0.6180,53,0.5733,0.6667,46,0.6698,0.6180,40,0.8280,0.6667,27,0.3824,0.6180,26,0.6993,0.6606,77,0.6757,0.6288,90,
WDAY,"Workday, Inc.",Information Technology,184.2600,-0.0123,24.0016,5.1000,Up,,45.2522,0.1282,0.0747,0.0403,0.6454,0.5393,-0.0278,-0.0211,0.1752,-1.1707,,,,0,,0.0000,,,,,0,0.0000,24.0016,5.1000,-0.0281,0.2954,Mixed,False,,,0,,,0.5665,0.6295,94,0.6421,0.6757,103,0.6528,0.6295,55,0.6360,0.6757,60,0.5572,0.6295,40,0.6412,0.6757,47,0.5308,0.6295,29,0.6901,0.6757,26,0.6848,0.6847,92,0.6457,0.6481,79,
ADP,Automatic Data Processing,Industrials,264.0000,0.0063,23.8989,6.0000,Up,SMA200 81% vs 60% (n=26) | SMA100 78% vs 60% (n=49),47.2092,0.4017,0.0834,0.0214,0.6594,0.7797,-0.0082,-0.0244,0.1230,-0.4727,,,,0,,0.0000,,,,,0,0.0000,23.8989,6.0000,-0.0257,0.0647,Down,False,,,0,,,0.6706,0.5966,95,0.6249,0.6222,96,0.5136,0.5966,61,0.6837,0.6222,64,0.7809,0.5966,49,0.3715,0.6222,35,0.8129,0.5966,26,0.3659,0.6222,11,0.6787,0.6722,81,0.6276,0.6273,94,
DLR,Digital Realty,Real Estate,180.4700,-0.0226,23.8401,0.0000,Up,,47.3820,0.4672,0.0758,0.0250,0.9425,0.5923,-0.0025,-0.0320,0.0060,0.3901,,,,0,,0.0000,,,,,0,0.0000,23.8401,0.0000,-0.0583,-0.0232,Down,False,,,0,,,0.6732,0.6714,101,0.5562,0.6250,85,0.5658,0.6714,52,0.6328,0.6250,60,0.7434,0.6714,44,0.6220,0.6250,37,0.7474,0.6714,21,0.6579,0.6250,15,0.7181,0.6892,82,0.6003,0.6066,90,
CPAY,Corpay,Financials,402.4300,-0.0107,23.8325,1.7024,Up,,52.4113,0.5969,0.0655,0.0205,1.2003,0.8567,0.0063,-0.0019,0.1559,0.4857,,,,0,,0.0000,,,,,0,0.0000,23.8325,1.7024,-0.0286,0.1095,Mixed,True,,,0,,,0.6266,0.6344,99,0.5721,0.6581,88,0.5991,0.6344,62,0.5605,0.6581,56,0.6080,0.6344,38,0.6891,0.6581,39,0.6538,0.6344,32,0.5547,0.6581,35,0.6075,0.6407,71,0.5750,0.5811,87,
LH,Labcorp,Health Care,311.9700,0.0008,23.8215,5.1000,Up,,47.4367,0.4735,0.0804,0.0218,0.6487,0.7061,-0.0021,-0.0234,0.1137,-0.1763,,,,0,,0.0000,,,,,0,0.0000,23.8215,5.1000,-0.0569,0.0896,Mixed,False,,,0,,,0.6713,0.7029,100,0.6272,0.6788,96,0.6582,0.7029,58,0.6453,0.6788,56,0.7194,0.7029,43,0.6343,0.6788,46,0.6295,0.7029,37,0.6299,0.6788,40,0.7722,0.6817,85,0.6440,0.6168,93,
PSA,Public Storage,Real Estate,281.9900,-0.0135,23.7789,8.6256,Mixed,,35.8913,0.1853,0.0782,0.0196,1.0626,0.3963,-0.0246,-0.0750,-0.0432,0.2462,,,,0,,0.0000,,,,,0,0.0000,23.7789,8.6256,-0.0726,-0.1444,Down,False,,,0,,,0.6607,0.6738,103,0.6076,0.6545,104,0.5934,0.6738,73,0.6062,0.6545,63,0.6728,0.6738,55,0.6788,0.6545,47,0.6267,0.6738,37,0.7091,0.6545,42,0.7066,0.7047,75,0.6595,0.6518,97,
MTB,M&T Bank,Financials,216.6300,-0.0096,23.7742,19.2961,Mixed,SMA200 78% vs 64% (n=25),29.4626,0.2461,0.1357,0.0182,0.8426,0.5537,-0.0345,-0.0818,-0.0229,-0.0288,,,,0,,0.0000,SMA200,-1.2852,0.6440,0.7785,25,9.6292,23.7742,19.2961,-0.1087,-0.1202,Down,False,,,0,,,0.6684,0.6283,100,0.5448,0.6440,87,0.6848,0.6283,61,0.6369,0.6440,55,0.7225,0.6283,41,0.5144,0.6440,36,0.5483,0.6283,17,0.7785,0.6440,25,0.6028,0.6527,70,0.6623,0.6415,95,Earnings Fri Oct 16
BKR,Baker Hughes,Energy,55.4100,-0.0301,23.6399,8.0000,Mixed,,37.7056,0.1437,0.0779,0.0302,0.6528,0.4561,-0.0277,-0.0836,-0.0645,0.0283,,,,0,,0.0000,,,,,0,0.0000,23.6399,8.0000,-0.1504,-0.0642,Down,False,,,0,,,0.6531,0.6652,95,0.5438,0.5945,96,0.7070,0.6652,62,0.5800,0.5945,57,0.7300,0.6652,38,0.4268,0.5945,25,0.5207,0.6652,28,0.6394,0.5945,31,0.7004,0.6815,67,0.6298,0.5976,103,
BAX,Baxter International,Health Care,23.9700,-0.0160,23.5647,0.4558,Up,,48.1921,0.7137,0.0683,0.0300,0.6498,0.5783,0.0146,-0.0524,0.1473,0.1437,,,,0,,0.0000,,,,,0,0.0000,23.5647,0.4558,-0.0530,0.0311,Down,False,,,0,,,0.5879,0.6395,82,0.6936,0.6314,102,0.5420,0.6395,45,0.6966,0.6314,47,0.5460,0.6395,19,0.6523,0.6314,29,0.5779,0.6395,16,0.6066,0.6314,15,0.6381,0.6540,91,0.6737,0.6377,74,
CRM,Salesforce,Information Technology,224.5600,-0.0019,23.5596,33.0601,Up,SMA100 70% vs 56% (n=39) | SMA50 70% vs 56% (n=58),43.9436,0.1647,0.1609,0.0379,0.4701,0.6448,-0.0539,0.0070,0.1271,-2.9098,,,,0,,0.0000,SMA50,0.1830,0.5613,0.6975,58,59.8077,23.5596,33.0601,-0.1142,0.3478,Mixed,False,,,0,,,0.6306,0.6354,92,0.6027,0.5613,86,0.4143,0.6354,48,0.6975,0.5613,58,0.5359,0.6354,25,0.7034,0.5613,39,0.6448,0.6354,17,0.6930,0.5613,18,0.6666,0.6655,75,0.6103,0.6224,82,
MET,MetLife,Financials,95.7800,-0.0142,23.5570,27.2885,Up,SMA50 75% vs 63% (n=66),48.5583,0.3452,0.0482,0.0200,0.9691,0.8508,-0.0075,-0.0068,0.1509,-0.0914,,,,0,,0.0000,SMA50,-0.3410,0.6273,0.7501,66,47.4621,23.5570,27.2885,-0.0143,0.0208,Mixed,False,,,0,,,0.6040,0.6578,103,0.5660,0.6273,87,0.5761,0.6578,70,0.7501,0.6273,66,0.5973,0.6578,59,0.5568,0.6273,49,0.6739,0.6578,37,0.5975,0.6273,32,0.7229,0.6929,69,0.6349,0.6465,93,
NUE,Nucor,Materials,246.4400,-0.0184,23.5529,0.0000,Up,,48.2266,0.4465,0.1334,0.0311,0.8181,0.7794,-0.0071,-0.0337,0.1464,0.4350,,,,0,,0.0000,,,,,0,0.0000,23.5529,0.0000,-0.0538,0.0748,Down,False,,,0,,,0.6876,0.6892,96,0.5778,0.5944,78,0.6207,0.6892,52,0.6449,0.5944,40,0.5724,0.6892,41,0.6386,0.5944,42,0.7399,0.6892,20,0.5418,0.5944,17,0.6179,0.6230,68,0.6418,0.5963,101,
CTAS,Cintas,Industrials,197.1900,0.0063,23.4018,8.1217,Up,BB upper 71% vs 60% (n=105),48.6713,0.4653,0.0493,0.0189,0.7879,0.6327,-0.0017,-0.0174,0.0518,-0.1022,,,,0,,0.0000,BB upper,-1.3960,0.5988,0.7100,105,3.8576,23.4018,8.1217,-0.0337,0.0761,Down,False,,,0,,,0.6843,0.6738,111,0.6059,0.6327,86,0.7406,0.6738,55,0.5594,0.6327,47,0.7043,0.6738,41,0.5156,0.6327,30,0.5848,0.6738,16,0.6471,0.6327,20,0.7558,0.7376,74,0.7100,0.5988,105,
F,Ford Motor Company,Consumer Discretionary,12.1200,-0.0130,23.3664,14.0000,Mixed,,34.0111,0.2067,0.2007,0.0288,0.8102,0.1903,-0.0589,-0.1095,-0.0857,-0.0484,,,,0,,0.0000,,,,,0,0.0000,23.3664,14.0000,-0.1515,-0.1363,Down,False,,,0,,,0.6167,0.6681,96,0.5429,0.5731,96,0.6810,0.6681,66,0.5983,0.5731,60,0.5230,0.6681,47,0.6658,0.5731,43,0.5198,0.6681,30,0.5866,0.5731,34,0.7129,0.6853,77,0.6472,0.6205,91,
HST,Host Hotels & Resorts,Real Estate,22.2400,-0.0107,23.3601,0.0000,Up,,48.7939,0.5923,0.0514,0.0189,0.5559,0.7059,0.0047,-0.0158,0.0754,0.0731,,,,0,,0.0000,,,,,0,0.0000,23.3601,0.0000,-0.0005,-0.0676,Down,False,,,0,,,0.6480,0.7730,98,0.6405,0.5839,98,0.7096,0.7730,68,0.5808,0.5839,62,0.6687,0.7730,41,0.6395,0.5839,45,0.5615,0.7730,30,0.6603,0.5839,48,0.7771,0.7099,73,0.6656,0.6380,99,
BDX,Becton Dickinson,Health Care,180.1600,-0.0008,23.3317,5.2435,Up,,49.2995,0.4270,0.0535,0.0229,1.0169,0.8254,-0.0039,-0.0028,0.1180,-0.4624,,,,0,,0.0000,,,,,0,0.0000,23.3317,5.2435,-0.0054,0.1648,Mixed,False,,,0,,,0.6654,0.7135,110,0.6104,0.6205,100,0.7086,0.7135,72,0.6212,0.6205,66,0.6115,0.7135,53,0.6571,0.6205,50,0.7142,0.7135,35,0.6245,0.6205,32,0.7347,0.7308,83,0.6878,0.6941,96,
STLD,Steel Dynamics,Materials,234.0900,-0.0171,23.2382,0.0000,Up,,49.1524,0.5167,0.0989,0.0327,0.5952,0.6399,0.0016,-0.0306,0.0795,0.9344,,,,0,,0.0000,,,,,0,0.0000,23.2382,0.0000,-0.0408,0.0202,Down,False,,,0,,,0.6976,0.6553,113,0.6092,0.6104,87,0.7173,0.6553,61,0.6163,0.6104,60,0.7054,0.6553,55,0.6288,0.6104,46,0.7249,0.6553,41,0.5754,0.6104,35,0.7295,0.6992,67,0.6476,0.6017,97,Earnings Mon Oct 19
URI,United Rentals,Industrials,1037.4399,-0.0400,23.1941,16.4049,Up,SMA50 70% vs 59% (n=54),49.3325,0.5973,0.1124,0.0331,1.0020,0.7079,0.0109,-0.0223,0.0929,6.9180,,,,0,,0.0000,SMA50,-0.6894,0.5853,0.6955,54,29.7906,23.1941,16.4049,0.0047,-0.0819,Down,False,,,0,,,0.6702,0.6679,91,0.5443,0.5853,94,0.6816,0.6679,41,0.6955,0.5853,54,0.6020,0.6679,32,0.4827,0.5853,34,0.5749,0.6679,25,0.6793,0.5853,23,0.7440,0.6996,71,0.6065,0.6012,89,
EXPE,Expedia Group,Consumer Discretionary,258.8600,-0.0047,23.1853,14.0000,Mixed,,34.4061,0.2086,0.1639,0.0433,0.5750,0.4743,-0.0478,-0.1276,-0.0004,-0.3140,,,,0,,0.0000,,,,,0,0.0000,23.1853,14.0000,-0.0744,-0.0684,Down,False,,,0,,,0.5881,0.7327,86,0.6225,0.6284,90,0.6952,0.7327,52,0.5880,0.6284,53,0.5814,0.7327,32,0.6631,0.6284,39,0.7418,0.7327,35,0.4718,0.6284,31,0.7511,0.7107,81,0.6561,0.5902,88,
MDT,Medtronic,Health Care,85.5100,-0.0181,23.0760,16.1500,Mixed,,37.6115,0.0982,0.1039,0.0250,2.7624,0.4358,-0.0417,-0.0440,-0.0173,-0.4601,,,,0,,0.0000,,,,,0,0.0000,23.0760,16.1500,-0.0841,0.0099,Mixed,True,,,0,,,0.6146,0.6143,96,0.6142,0.7020,95,0.6083,0.6143,51,0.6442,0.7020,64,0.6695,0.6143,40,0.6145,0.7020,38,0.6486,0.6143,26,0.6306,0.7020,29,0.6176,0.6463,86,0.6955,0.6697,89,
PTC,PTC Inc.,Information Technology,193.6000,0.0031,23.0000,25.5000,Up,,80.8020,1.0904,0.5611,0.0382,2.0594,0.8655,0.3313,0.3222,0.3317,6.7711,,,,0,,0.0000,,,,,0,0.0000,23.0000,25.5000,0.4356,0.5274,Up,True,,,0,,,0.5959,0.6419,101,0.6417,0.6667,103,0.6204,0.6419,63,0.6667,0.6667,54,0.6582,0.6419,47,0.5704,0.6667,41,0.7052,0.6419,28,0.5595,0.6667,24,0.6972,0.6646,83,0.6400,0.6291,89,
EQIX,Equinix,Real Estate,1031.7700,-0.0149,22.8967,0.0000,Up,,50.1569,0.6001,0.0629,0.0249,0.8869,0.7875,0.0063,-0.0089,0.0479,2.1361,,,,0,,0.0000,,,,,0,0.0000,22.8967,0.0000,-0.0263,-0.0347,Mixed,False,,,0,,,0.7059,0.7207,112,0.5145,0.6124,96,0.6497,0.7207,62,0.6044,0.6124,53,0.7201,0.7207,50,0.4767,0.6124,41,0.6253,0.7207,23,0.5817,0.6124,26,0.7375,0.7372,80,0.7016,0.6407,98,
OXY,Occidental Petroleum,Energy,58.2100,-0.0021,22.8287,0.0000,Up,,50.3566,0.4758,0.1477,0.0269,0.7491,0.6982,-0.0036,-0.0032,0.0804,0.0419,,,,0,,0.0000,,,,,0,0.0000,22.8287,0.0000,-0.0530,0.0816,Mixed,False,,,0,,,0.6787,0.6633,106,0.5968,0.6214,94,0.5843,0.6633,69,0.6391,0.6214,75,0.5776,0.6633,56,0.6017,0.6214,45,0.6578,0.6633,35,0.6347,0.6214,33,0.6487,0.6491,74,0.6869,0.6420,90,
AMP,Ameriprise Financial,Financials,490.5600,-0.0122,22.6676,42.2766,Mixed,SMA20 68% vs 57% (n=96) | SMA200 67% vs 57% (n=44),32.4363,0.2575,0.2119,0.0257,0.6398,0.4642,-0.0514,-0.0928,-0.0010,-1.6499,,,,0,,0.0000,SMA200,-0.0388,0.5667,0.6722,44,51.4121,22.6676,42.2766,-0.1360,-0.0526,Down,False,,,0,,,0.5646,0.7556,97,0.6827,0.5667,96,0.6611,0.7556,52,0.6074,0.5667,59,0.6463,0.7556,44,0.5675,0.5667,37,0.5615,0.7556,37,0.6722,0.5667,44,0.6919,0.6832,78,0.6326,0.5896,93,
EXR,Extra Space Storage,Real Estate,131.7000,-0.0164,22.6409,8.0000,Mixed,,38.3708,0.1755,0.0659,0.0199,0.9029,0.3152,-0.0214,-0.0605,-0.0519,0.1482,,,,0,,0.0000,,,,,0,0.0000,22.6409,8.0000,-0.0597,-0.1026,Down,False,,,0,,,0.6333,0.6895,103,0.6087,0.6188,97,0.7150,0.6895,60,0.6399,0.6188,53,0.6742,0.6895,52,0.5295,0.6188,46,0.5078,0.6895,29,0.6799,0.6188,32,0.6674,0.6807,72,0.6620,0.6384,92,
DAL,Delta Air Lines,Industrials,82.9700,-0.0082,22.6170,0.0000,Up,,50.9795,0.6069,0.1111,0.0286,0.8397,0.6946,0.0119,-0.0106,0.0955,0.2571,,,,0,,0.0000,,,,,0,0.0000,22.6170,0.0000,0.0336,-0.1043,Down,False,,,0,,,0.6731,0.6553,92,0.6005,0.6117,85,0.6609,0.6553,62,0.5616,0.6117,52,0.6737,0.6553,37,0.5796,0.6117,33,0.5477,0.6553,30,0.5671,0.6117,25,0.5640,0.6384,75,0.6195,0.5935,87,Earnings Fri Oct 9
RJF,Raymond James Financial,Financials,157.2500,-0.0137,22.5816,8.8643,Mixed,,36.0006,0.2414,0.1216,0.0233,1.0864,0.4383,-0.0315,-0.0810,-0.0156,0.0237,,,,0,,0.0000,,,,,0,0.0000,22.5816,8.8643,-0.1235,-0.1013,Down,False,,,0,,,0.6843,0.7009,98,0.5702,0.6157,88,0.6589,0.7009,64,0.5169,0.6157,53,0.6286,0.7009,45,0.7123,0.6157,50,0.7386,0.7009,35,0.4254,0.6157,30,0.6397,0.6828,80,0.6482,0.5981,83,
WMB,Williams Companies,Energy,71.4600,-0.0128,22.5658,0.0000,Up,,51.1300,0.6134,0.0755,0.0258,0.7032,0.6941,0.0086,-0.0044,0.0142,0.1995,,,,0,,0.0000,,,,,0,0.0000,22.5658,0.0000,-0.0680,-0.0825,Mixed,False,,,0,,,0.6642,0.7614,112,0.5856,0.5622,104,0.7131,0.7614,76,0.6285,0.5622,68,0.7150,0.7614,59,0.5389,0.5622,41,0.8499,0.7614,29,0.5624,0.5622,16,0.8509,0.8423,74,0.6397,0.6405,111,
CNC,Centene Corporation,Health Care,64.9900,0.0059,22.5575,0.7084,Up,,53.2379,0.5781,0.1379,0.0322,1.0833,0.8779,0.0108,0.0036,0.2222,0.1753,,,,0,,0.0000,,,,,0,0.0000,22.5575,0.7084,-0.0109,-0.0751,Mixed,False,,,0,,,0.6151,0.6462,101,0.5931,0.6318,93,0.6823,0.6462,76,0.4706,0.6318,63,0.5283,0.6462,52,0.6905,0.6318,46,0.6280,0.6462,24,0.5012,0.6318,19,0.6724,0.6933,73,0.7209,0.6382,80,
VMRK,Vivmark Residential,Real Estate,59.2900,-0.0179,22.5065,14.0000,Mixed,,35.3082,0.2239,0.1245,0.0208,0.6572,0.2433,-0.0344,-0.0694,-0.0530,-0.0366,,,,0,,0.0000,,,,,0,0.0000,22.5065,14.0000,-0.1108,-0.1554,Down,False,,,0,,,0.6880,0.6702,106,0.6185,0.7135,96,0.6624,0.6702,71,0.5915,0.7135,60,0.6422,0.6702,50,0.5153,0.7135,52,0.5661,0.6702,29,0.6951,0.7135,26,0.6872,0.6503,74,0.7313,0.6855,90,
EBAY,eBay Inc.,Consumer Discretionary,107.6000,0.0050,22.4714,5.1000,Up,SMA200 69% vs 59% (n=21),51.4078,0.4559,0.0711,0.0283,0.6019,0.7332,-0.0031,0.0074,0.0660,-0.1228,,,,0,,0.0000,,,,,0,0.0000,22.4714,5.1000,0.0116,-0.1166,Mixed,False,,,0,,,0.6561,0.6977,110,0.6166,0.5862,89,0.7399,0.6977,66,0.5723,0.5862,63,0.6558,0.6977,46,0.6193,0.5862,45,0.6707,0.6977,27,0.6938,0.5862,21,0.6640,0.6961,77,0.6892,0.6087,104,
BRK-B,Berkshire Hathaway,Financials,506.2500,0.0014,22.4301,6.0000,Up,,51.5292,0.4796,0.0424,0.0106,0.7548,0.5729,-0.0009,-0.0027,0.0273,-0.1088,,,,0,,0.0000,,,,,0,0.0000,22.4301,6.0000,-0.0164,-0.0147,Down,False,,,0,,,0.6373,0.7044,93,0.5650,0.5913,94,0.7075,0.7044,65,0.5678,0.5913,53,0.7559,0.7044,50,0.5359,0.5913,34,0.7847,0.7044,34,0.5643,0.5913,25,0.7852,0.7049,76,0.5738,0.5953,96,
BALL,Ball Corporation,Materials,57.4800,0.0009,22.4250,13.0000,Mixed,BB lower 73% vs 58% (n=85) | SMA100 78% vs 64% (n=38),39.0440,0.3560,0.1223,0.0214,1.5277,0.5668,-0.0176,-0.0605,-0.0389,0.0102,,,,0,,0.0000,,,,,0,0.0000,22.4250,13.0000,-0.0752,-0.0912,Down,True,,,0,,,0.5897,0.6073,90,0.6204,0.6404,92,0.6108,0.6073,54,0.6338,0.6404,60,0.6408,0.6073,31,0.7753,0.6404,38,0.6913,0.6073,27,0.6067,0.6404,20,0.7339,0.5782,85,0.6455,0.6609,76,
REG,Regency Centers,Real Estate,70.8000,-0.0087,22.3278,20.0000,Down,,25.5393,0.0256,0.0596,0.0139,0.9525,0.3459,-0.0283,-0.0538,-0.0568,-0.1036,,,,0,,0.0000,,,,,0,0.0000,22.3278,20.0000,-0.0753,-0.1362,Down,False,,,0,,,0.6816,0.7320,125,0.6649,0.6188,102,0.6942,0.7320,78,0.5572,0.6188,83,0.6382,0.7320,57,0.5816,0.6188,57,0.6714,0.7320,51,0.6625,0.6188,42,0.6724,0.7119,85,0.7076,0.6910,96,
ROK,Rockwell Automation,Industrials,441.9000,-0.0196,22.3134,1.3299,Up,,54.6725,0.7133,0.1180,0.0238,1.1120,0.6780,0.0252,0.0126,0.0455,3.0345,,,,0,,0.0000,,,,,0,0.0000,22.3134,1.3299,0.0125,-0.0883,Mixed,False,,,0,,,0.6271,0.7103,101,0.6326,0.6577,95,0.5762,0.7103,53,0.6231,0.6577,58,0.6487,0.7103,42,0.5371,0.6577,40,0.5837,0.7103,18,0.6564,0.6577,32,0.8170,0.7483,78,0.6613,0.6214,92,
EOG,EOG Resources,Energy,144.2100,-0.0005,22.3005,0.0000,Up,,51.9103,0.5452,0.1019,0.0247,0.6427,0.8192,0.0046,-0.0018,0.0966,0.2297,,,,0,,0.0000,,,,,0,0.0000,22.3005,0.0000,-0.0251,0.0514,Mixed,False,,,0,,,0.6664,0.7416,107,0.5711,0.6701,104,0.5675,0.7416,77,0.5710,0.6701,69,0.7533,0.7416,61,0.5685,0.6701,57,0.6243,0.7416,44,0.6392,0.6701,44,0.7516,0.7186,73,0.6383,0.6381,94,
EVRG,Evergy,Utilities,80.3000,-0.0006,22.2901,0.1636,Up,,52.3500,0.6697,0.0575,0.0146,1.0164,0.5842,0.0098,-0.0098,0.0022,0.2654,,,,0,,0.0000,,,,,0,0.0000,22.2901,0.1636,-0.0408,-0.0870,Down,False,,,0,,,0.6557,0.6944,107,0.6636,0.5880,99,0.6982,0.6944,63,0.6172,0.5880,63,0.6485,0.6944,45,0.6512,0.5880,38,0.6425,0.6944,19,0.6427,0.5880,23,0.7593,0.7049,84,0.6282,0.6119,97,
JBHT,J.B. Hunt,Industrials,222.6400,-0.0146,22.2330,14.0000,Mixed,,33.3585,0.2625,0.2850,0.0327,0.5682,0.5326,-0.0677,-0.1346,-0.0849,-0.0668,,,,0,,0.0000,,,,,0,0.0000,22.2330,14.0000,-0.2070,-0.2474,Down,False,,,0,,,0.6435,0.6598,98,0.5633,0.6313,107,0.5910,0.6598,58,0.5837,0.6313,62,0.6298,0.6598,51,0.5571,0.6313,49,0.6289,0.6598,32,0.6150,0.6313,31,0.7446,0.6961,83,0.6360,0.6280,99,Earnings Thu Oct 15
ECL,Ecolab,Materials,278.1000,-0.0097,22.1828,0.8726,Up,,52.2565,0.7308,0.0470,0.0192,0.9525,0.5582,0.0108,-0.0020,0.0196,0.5328,,,,0,,0.0000,,,,,0,0.0000,22.1828,0.8726,-0.0146,-0.0152,Mixed,False,,,0,,,0.7150,0.6981,102,0.5621,0.5687,89,0.7225,0.6981,58,0.5640,0.5687,55,0.7457,0.6981,44,0.4686,0.5687,35,0.6907,0.6981,29,0.4922,0.5687,25,0.7065,0.6742,72,0.6896,0.6290,91,
IRM,Iron Mountain,Real Estate,115.7500,-0.0064,22.1118,2.4840,Up,,52.4654,0.7745,0.0751,0.0272,0.8773,0.6895,0.0206,-0.0164,0.0395,0.5756,,,,0,,0.0000,,,,,0,0.0000,22.1118,2.4840,-0.0123,-0.0602,Down,False,,,0,,,0.6381,0.6809,99,0.6078,0.5785,87,0.6332,0.6809,54,0.5143,0.5785,53,0.6983,0.6809,40,0.4641,0.5785,29,0.7044,0.6809,24,0.3779,0.5785,18,0.6723,0.6830,67,0.5627,0.5679,96,
HAS,Hasbro,Consumer Discretionary,90.7500,-0.0031,22.0242,1.3338,Up,,52.7229,0.7400,0.0738,0.0260,0.7535,0.6284,0.0177,-0.0109,0.0147,0.4496,,,,0,,0.0000,,,,,0,0.0000,22.0242,1.3338,-0.0123,0.1449,Down,False,,,0,,,0.6866,0.7103,105,0.6121,0.5942,93,0.6757,0.7103,52,0.5410,0.5942,54,0.7139,0.7103,35,0.5111,0.5942,30,0.6018,0.7103,19,0.5530,0.5942,22,0.6835,0.6700,76,0.6170,0.6109,81,Earnings Tue Oct 20
RSG,Republic Services,Industrials,216.1800,0.0067,22.0055,16.4862,Up,SMA200 73% vs 61% (n=24),52.7779,0.5634,0.0900,0.0167,0.8470,0.5806,0.0057,0.0008,0.0109,0.1680,,,,0,,0.0000,SMA200,0.6458,0.6055,0.7294,24,35.2645,22.0055,16.4862,-0.0386,-0.0448,Mixed,False,,,0,,,0.6448,0.7143,109,0.5784,0.6055,97,0.5887,0.7143,62,0.6404,0.6055,56,0.7470,0.7143,44,0.5084,0.6055,46,0.5357,0.7143,20,0.7294,0.6055,24,0.7253,0.7123,73,0.6125,0.6023,93,
ITW,Illinois Tool Works,Industrials,261.1500,-0.0224,21.8656,14.0000,Mixed,,40.9687,0.1711,0.0572,0.0205,0.8445,0.4215,-0.0188,-0.0530,-0.0166,-0.0035,,,,0,,0.0000,,,,,0,0.0000,21.8656,14.0000,-0.0390,-0.0464,Down,False,,,0,,,0.6303,0.6383,100,0.5953,0.6804,98,0.7072,0.6383,59,0.5546,0.6804,55,0.6123,0.6383,41,0.6293,0.6804,48,0.5477,0.6383,39,0.6180,0.6804,36,0.7268,0.7178,77,0.6446,0.6304,93,Earnings Fri Oct 23
IP,International Paper,Materials,31.8200,-0.0100,21.8394,14.0000,Mixed,,28.7756,0.0807,0.1485,0.0350,0.9107,0.1660,-0.0623,-0.1516,-0.1442,-0.1289,,,,0,,0.0000,,,,,0,0.0000,21.8394,14.0000,-0.1452,-0.1709,Down,False,,,0,,,0.6491,0.6532,94,0.5603,0.7085,101,0.5741,0.6532,65,0.5639,0.7085,56,0.5310,0.6532,48,0.7137,0.7085,35,0.6073,0.6532,25,0.5667,0.7085,31,0.6943,0.6777,82,0.7428,0.7051,90,
LMT,Lockheed Martin,Industrials,499.2200,-0.0214,21.8319,20.0000,Down,,30.4913,0.0392,0.0903,0.0219,0.9255,0.2748,-0.0416,-0.0921,-0.1046,-0.9295,,,,0,,0.0000,,,,,0,0.0000,21.8319,20.0000,-0.0861,-0.0673,Down,False,,,0,,,0.6416,0.6826,100,0.5869,0.5751,80,0.6093,0.6826,53,0.6304,0.5751,52,0.6113,0.6826,43,0.6660,0.5751,43,0.5923,0.6826,31,0.6568,0.5751,33,0.6833,0.6413,70,0.6716,0.6287,101,Earnings Thu Oct 22
MA,Mastercard,Financials,570.0600,0.0061,21.7567,15.0599,Up,BB upper 73% vs 61% (n=89),53.5096,0.7158,0.0477,0.0163,0.6734,0.7733,0.0103,-0.0028,0.0731,0.3973,,,,0,,0.0000,BB upper,-0.8234,0.6079,0.7251,89,26.4260,21.7567,15.0599,-0.0187,0.0531,Down,False,,,0,,,0.7206,0.7171,111,0.5617,0.6347,102,0.6698,0.7171,60,0.6216,0.6347,58,0.7334,0.7171,49,0.5416,0.6347,45,0.7459,0.7171,28,0.5018,0.6347,17,0.6672,0.6762,69,0.7251,0.6079,89,
EME,Emcor,Industrials,784.6600,-0.0483,21.6569,1.9957,Up,BB lower 91% vs 74% (n=76),53.8033,0.7704,0.1101,0.0347,0.9871,0.5695,0.0298,0.0114,0.0124,6.2969,,,,0,,0.0000,,,,,0,0.0000,21.6569,1.9957,-0.0023,-0.0344,Mixed,False,,,0,,,0.6234,0.6804,95,0.6211,0.5968,90,0.6787,0.6804,56,0.6310,0.5968,60,0.7725,0.6804,28,0.5138,0.5968,24,0.6076,0.6804,12,0.5991,0.5968,10,0.9120,0.7394,76,0.5605,0.5543,107,
KKR,KKR & Co.,Financials,89.6700,-0.0110,21.5321,15.0875,Mixed,,30.0482,0.1308,0.1738,0.0326,1.1088,0.1187,-0.0642,-0.1263,-0.1212,-0.5355,,,,0,,0.0000,,,,,0,0.0000,21.5321,15.0875,-0.1691,-0.1033,Down,False,,,0,,,0.5789,0.7101,89,0.5687,0.6453,99,0.5807,0.7101,56,0.7116,0.6453,46,0.6790,0.7101,37,0.5595,0.6453,31,0.6497,0.7101,25,0.5832,0.6453,21,0.7689,0.7043,79,0.6333,0.5915,85,
RCL,Royal Caribbean Group,Consumer Discretionary,282.3200,-0.0224,21.4510,47.8740,Down,SMA100 68% vs 56% (n=36) | SMA200 78% vs 68% (n=25),60.6856,0.9142,0.2452,0.0361,0.7160,0.4682,0.1016,0.0105,-0.0061,6.1479,SMA200,-0.1693,0.7834,25,0.6800,45.8845,SMA100,-0.1136,0.5556,0.6806,36,57.7667,21.4510,47.8740,0.0565,-0.0507,Mixed,False,,,0,,,0.6165,0.6800,88,0.6136,0.5556,86,0.7710,0.6800,54,0.4466,0.5556,48,0.6430,0.6800,36,0.6806,0.5556,36,0.7834,0.6800,25,0.5314,0.5556,19,0.6774,0.6133,69,0.5684,0.5326,93,
AMZN,Amazon,Consumer Discretionary,259.9200,0.0142,21.3027,10.3145,Up,,58.4544,1.0246,0.0628,0.0217,1.0062,0.7009,0.0330,0.0074,0.0747,1.1047,,,,0,,0.0000,,,,,0,0.0000,21.3027,10.3145,-0.0057,0.0156,Mixed,False,,,0,,,0.6354,0.6800,101,0.5820,0.5916,98,0.6787,0.6800,56,0.6205,0.5916,53,0.6749,0.6800,43,0.5899,0.5916,39,0.7304,0.6800,23,0.5167,0.5916,18,0.6624,0.6763,65,0.6375,0.5938,86,
HOOD,Robinhood Markets,Financials,109.5100,-0.0222,21.2892,5.1000,Up,SMA200 77% vs 55% (n=26),45.7195,0.2333,0.1788,0.0531,0.8650,0.5108,-0.0477,0.0288,0.1620,-1.4302,,,,0,,0.0000,,,,,0,0.0000,21.2892,5.1000,-0.0839,-0.0852,Mixed,False,,,0,,,0.5532,0.6709,84,0.6110,0.5535,88,0.6611,0.6709,53,0.5595,0.5535,50,0.7306,0.6709,38,0.5583,0.5535,34,0.5408,0.6709,25,0.7738,0.5535,26,0.6822,0.6445,76,0.6216,0.5813,85,
MAR,Marriott International,Consumer Discretionary,356.5000,-0.0132,21.2500,0.6072,Up,,55.5697,0.7112,0.1167,0.0195,0.8386,0.6550,0.0246,0.0177,0.0213,1.6620,,,,0,,0.0000,,,,,0,0.0000,21.2500,0.6072,0.0671,-0.0774,Mixed,False,,,0,,,0.6772,0.6890,99,0.5957,0.5992,89,0.6251,0.6890,66,0.6066,0.5992,56,0.6683,0.6890,51,0.5879,0.5992,46,0.6693,0.6890,30,0.4070,0.5992,24,0.7836,0.7266,75,0.6233,0.6144,93,
KMI,Kinder Morgan,Energy,31.8200,-0.0106,21.2500,4.8058,Up,,55.8814,0.8538,0.0654,0.0235,0.5777,0.7265,0.0232,0.0121,0.0215,0.1272,,,,0,,0.0000,,,,,0,0.0000,21.2500,4.8058,-0.0222,-0.0452,Mixed,False,,,0,,,0.7150,0.6644,113,0.6098,0.6480,97,0.5934,0.6644,78,0.5883,0.6480,65,0.6870,0.6644,61,0.6163,0.6480,57,0.6903,0.6644,52,0.5536,0.6480,35,0.8193,0.7257,74,0.6804,0.6408,110,
BXP,"BXP, Inc.",Real Estate,59.4200,-0.0062,21.1831,14.0000,Mixed,,32.4705,0.0732,0.0953,0.0236,0.9402,0.4380,-0.0407,-0.0931,-0.0309,-0.1498,,,,0,,0.0000,,,,,0,0.0000,21.1831,14.0000,-0.1030,-0.1385,Down,False,,,0,,,0.5472,0.6150,101,0.6973,0.6010,107,0.6125,0.6150,49,0.6839,0.6010,58,0.6070,0.6150,33,0.6196,0.6010,37,0.5647,0.6150,34,0.6183,0.6010,29,0.6959,0.6799,89,0.6331,0.6871,73,
CINF,Cincinnati Financial,Financials,161.6100,-0.0090,20.6314,8.0000,Mixed,SMA50 76% vs 60% (n=66) | SMA100 74% vs 60% (n=57),37.2543,0.2739,0.0877,0.0161,0.7012,0.3172,-0.0198,-0.0450,-0.0243,0.0360,,,,0,,0.0000,,,,,0,0.0000,20.6314,8.0000,-0.0563,-0.1100,Down,False,,,0,,,0.6358,0.5969,113,0.5726,0.6394,107,0.7627,0.5969,66,0.4332,0.6394,55,0.7441,0.5969,57,0.4686,0.6394,42,0.5996,0.5969,25,0.6054,0.6394,25,0.7635,0.7104,77,0.6552,0.6304,96,
AVY,Avery Dennison,Materials,166.9700,-0.0088,20.3437,14.0000,Mixed,,40.1655,-0.0372,0.0360,0.0233,0.6900,0.3561,-0.0194,-0.0380,-0.0226,-0.2706,,,,0,,0.0000,,,,,0,0.0000,20.3437,14.0000,-0.0391,0.0193,Down,False,,,0,,,0.5934,0.6776,100,0.6143,0.6229,114,0.5865,0.6776,62,0.6249,0.6229,72,0.5645,0.6776,38,0.6488,0.6229,43,0.6592,0.6776,35,0.6217,0.6229,37,0.7335,0.6867,87,0.7621,0.7073,85,
BKNG,Booking Holdings,Consumer Discretionary,155.8700,-0.0112,20.2049,8.0000,Mixed,SMA50 63% vs 50% (n=58) | SMA200 61% vs 50% (n=22),27.8633,0.1480,0.1528,0.0363,0.7262,0.0926,-0.0538,-0.1685,-0.1389,0.2524,,,,0,,0.0000,,,,,0,0.0000,20.2049,8.0000,-0.1506,-0.1463,Down,False,,,0,,,0.7040,0.7197,91,0.5352,0.4959,95,0.6432,0.7197,58,0.6288,0.4959,58,0.6336,0.7197,40,0.5995,0.4959,31,0.6904,0.7197,19,0.6148,0.4959,22,0.6757,0.6552,65,0.5743,0.6019,89,
AXON,Axon Enterprise,Industrials,406.0000,-0.0301,20.1925,8.0000,Mixed,SMA100 72% vs 61% (n=30),31.3206,0.1301,0.2191,0.0504,0.8184,0.1576,-0.0810,-0.2237,-0.1795,0.5541,,,,0,,0.0000,,,,,0,0.0000,20.1925,8.0000,-0.2139,-0.3389,Down,False,,,0,,,0.6854,0.6844,89,0.5441,0.6062,85,0.6027,0.6844,47,0.6566,0.6062,53,0.5772,0.6844,25,0.7184,0.6062,30,0.5621,0.6844,24,0.5487,0.6062,15,0.6635,0.6962,65,0.5884,0.5909,85,
GDDY,GoDaddy,Information Technology,97.2100,-0.0099,20.1887,5.1000,Up,,49.5283,0.4057,0.1173,0.0437,0.5599,0.3776,-0.0111,0.0051,0.0452,-0.1506,,,,0,,0.0000,,,,,0,0.0000,20.1887,5.1000,0.0294,0.0698,Up,False,,,0,,,0.7034,0.6488,112,0.5248,0.6067,94,0.7371,0.6488,66,0.5071,0.6067,56,0.5794,0.6488,35,0.6843,0.6067,39,0.5142,0.6488,38,0.6180,0.6067,42,0.7110,0.6864,73,0.7114,0.6837,87,
SYY,Sysco,Consumer Staples,76.7900,-0.0085,19.9509,14.0000,Mixed,,39.1419,0.2755,0.0924,0.0187,0.4772,0.4331,-0.0208,-0.0501,-0.0248,-0.0075,,,,0,,0.0000,,,,,0,0.0000,19.9509,14.0000,-0.0486,-0.0937,Down,False,,,0,,,0.6326,0.7394,105,0.6259,0.5843,94,0.5582,0.7394,64,0.6837,0.5843,55,0.6133,0.7394,53,0.5667,0.5843,46,0.6502,0.7394,39,0.6029,0.5843,43,0.6818,0.6700,85,0.6785,0.6677,81,
MOS,Mosaic Company (The),Materials,19.9700,-0.0463,19.9047,23.9274,Down,SMA100 72% vs 58% (n=69) | SMA200 70% vs 58% (n=28),27.7681,0.0179,0.2994,0.0520,1.3927,0.0223,-0.1443,-0.1439,-0.1703,-0.4428,,,,0,,0.0000,,,,,0,0.0000,19.9047,23.9274,-0.2581,-0.0659,Down,True,,,0,,,0.6082,0.7048,96,0.6075,0.5789,92,0.5729,0.7048,69,0.6523,0.5789,67,0.4969,0.7048,54,0.7167,0.5789,69,0.5859,0.7048,23,0.6974,0.5789,28,0.7382,0.6877,81,0.7096,0.6837,83,
SHW,Sherwin-Williams,Materials,315.0000,-0.0192,19.8695,14.0000,Mixed,SMA100 80% vs 59% (n=55) | SMA50 70% vs 59% (n=61),37.9701,0.0503,0.0546,0.0248,0.9843,0.3004,-0.0246,-0.0676,-0.0507,-0.1885,,,,0,,0.0000,,,,,0,0.0000,19.8695,14.0000,-0.0512,-0.0856,Down,False,,,0,,,0.5719,0.7264,92,0.6637,0.5944,93,0.5832,0.7264,61,0.6981,0.5944,61,0.4862,0.7264,39,0.8030,0.5944,55,0.6075,0.7264,37,0.6922,0.5944,50,0.7199,0.6573,83,0.6732,0.6516,89,
T,AT&T,Communication Services,24.4700,0.0016,19.5710,11.9000,Mixed,SMA50 77% vs 63% (n=55) | SMA20 77% vs 63% (n=96),41.8424,0.2533,0.1150,0.0202,0.8570,0.5308,-0.0284,-0.0198,-0.0134,-0.1446,,,,0,,0.0000,,,,,0,0.0000,19.5710,11.9000,-0.0614,0.1421,Mixed,False,,,0,,,0.7653,0.6325,96,0.5613,0.5987,84,0.7717,0.6325,55,0.4532,0.5987,41,0.7009,0.6325,31,0.4070,0.5987,24,0.6054,0.6325,20,0.6693,0.5987,19,0.5629,0.6015,66,0.6259,0.5836,94,Earnings Wed Oct 21
MGM,MGM Resorts,Consumer Discretionary,30.0000,-0.0177,19.5614,14.1842,Mixed,SMA200 75% vs 60% (n=42),14.1535,0.1810,0.4555,0.0368,1.0184,0.0362,-0.1453,-0.2507,-0.2434,-0.3455,,,,0,,0.0000,,,,,0,0.0000,19.5614,14.1842,-0.2808,-0.3905,Down,False,,,0,,,0.5402,0.6000,93,0.6404,0.6502,100,0.6627,0.6000,63,0.6195,0.6502,68,0.6143,0.6000,52,0.6554,0.6502,61,0.7478,0.6000,42,0.6095,0.6502,38,0.6438,0.5918,82,0.6731,0.6407,83,
AFL,Aflac,Financials,112.7400,-0.0078,19.4158,8.0000,Mixed,,40.4024,0.2799,0.0645,0.0157,0.6325,0.3601,-0.0142,-0.0425,-0.0127,0.0106,,,,0,,0.0000,,,,,0,0.0000,19.4158,8.0000,-0.0382,-0.1077,Down,False,,,0,,,0.7287,0.7011,111,0.5862,0.6026,82,0.6544,0.7011,66,0.5073,0.6026,52,0.6623,0.7011,41,0.6503,0.6026,32,0.7590,0.7011,30,0.5434,0.6026,17,0.7383,0.7361,65,0.5897,0.5811,100,
TXT,Textron,Industrials,73.0300,-0.0331,19.2192,22.6109,Down,SMA200 84% vs 67% (n=29),26.4031,-0.0720,0.1108,0.0242,1.2611,0.0052,-0.0634,-0.1094,-0.1829,-0.1309,,,,0,,0.0000,,,,,0,0.0000,19.2192,22.6109,-0.0988,-0.2287,Down,True,,,0,,,0.5937,0.6715,110,0.6012,0.6308,100,0.5710,0.6715,69,0.6269,0.6308,75,0.5301,0.6715,52,0.6536,0.6308,58,0.8390,0.6715,29,0.4432,0.6308,22,0.7451,0.7067,83,0.7558,0.6885,83,
O,Realty Income,Real Estate,53.3500,-0.0166,19.1054,20.0000,Down,,22.6858,0.1583,0.1330,0.0157,0.7082,0.0057,-0.0454,-0.1034,-0.1169,-0.0512,,,,0,,0.0000,,,,,0,0.0000,19.1054,20.0000,-0.1386,-0.1804,Down,False,,,0,,,0.6538,0.5949,96,0.5537,0.6784,93,0.5862,0.5949,70,0.6870,0.6784,64,0.6251,0.5949,51,0.6377,0.6784,52,0.6859,0.5949,33,0.7293,0.6784,34,0.5505,0.6117,84,0.6786,0.5894,82,
BX,Blackstone Inc.,Financials,111.8300,-0.0135,19.0884,14.0000,Mixed,SMA100 69% vs 56% (n=47) | SMA200 77% vs 66% (n=24),28.7196,0.1940,0.2092,0.0329,0.9347,0.1918,-0.0640,-0.1475,-0.1124,-0.4184,,,,0,,0.0000,,,,,0,0.0000,19.0884,14.0000,-0.1825,-0.1117,Down,False,,,0,,,0.6626,0.6559,89,0.5983,0.5610,90,0.7309,0.6559,68,0.5778,0.5610,57,0.4918,0.6559,42,0.6911,0.5610,47,0.7723,0.6559,24,0.5240,0.5610,27,0.6730,0.6320,80,0.5167,0.5922,78,Earnings Thu Oct 22
ARES,Ares Management,Financials,115.7500,-0.0169,19.0727,14.0000,Mixed,BB upper 73% vs 62% (n=100),32.2344,0.1634,0.1568,0.0353,0.6410,0.2845,-0.0528,-0.1205,-0.0850,-0.3272,,,,0,,0.0000,,,,,0,0.0000,19.0727,14.0000,-0.1734,-0.0750,Down,False,,,0,,,0.7296,0.6790,108,0.4328,0.6230,78,0.6518,0.6790,60,0.5647,0.6230,50,0.7233,0.6790,44,0.3968,0.6230,30,0.7302,0.6790,23,0.5797,0.6230,21,0.7342,0.6996,72,0.7260,0.6250,100,
LYB,LyondellBasell,Materials,58.4900,-0.0075,19.0384,14.0000,Mixed,SMA200 78% vs 63% (n=30),40.2384,0.2977,0.1719,0.0321,0.7181,0.4495,-0.0348,-0.0578,-0.0449,-0.1443,,,,0,,0.0000,,,,,0,0.0000,19.0384,14.0000,-0.1117,0.0304,Down,False,,,0,,,0.6469,0.6280,105,0.5795,0.6213,109,0.5814,0.6280,76,0.6145,0.6213,57,0.5702,0.6280,46,0.6997,0.6213,51,0.7798,0.6280,30,0.5428,0.6213,19,0.7029,0.6935,91,0.7041,0.6937,88,
LDOS,Leidos,Industrials,113.5500,-0.0269,19.0319,22.3904,Down,SMA200 69% vs 56% (n=21) | SMA50 68% vs 56% (n=52),28.8995,-0.0476,0.1587,0.0325,1.2390,0.1431,-0.0869,-0.1284,-0.2188,-1.0552,,,,0,,0.0000,,,,,0,0.0000,19.0319,22.3904,-0.1358,0.0320,Down,True,,,0,,,0.6754,0.7028,89,0.6476,0.5579,89,0.6118,0.7028,48,0.6827,0.5579,52,0.6191,0.7028,28,0.5797,0.5579,24,0.4505,0.7028,20,0.6893,0.5579,21,0.6447,0.6109,82,0.5762,0.5779,92,
CIEN,Ciena,Information Technology,446.4500,0.0063,18.9633,22.9798,Mixed,,70.1196,1.1417,0.3533,0.0541,1.1963,0.6102,0.2267,0.1836,0.1314,12.0671,,,,0,,0.0000,,,,,0,0.0000,18.9633,22.9798,0.2909,-0.0709,Up,False,,,0,,,0.6994,0.7348,96,0.5301,0.5305,83,0.6719,0.7348,48,0.6075,0.5305,39,0.6543,0.7348,28,0.5491,0.5305,29,0.5735,0.7348,36,0.5201,0.5305,27,0.7192,0.6955,68,0.5851,0.5429,92,
APD,Air Products,Materials,278.1200,-0.0102,18.8303,8.0000,Mixed,,40.4660,0.3031,0.0686,0.0199,0.7768,0.6129,-0.0135,-0.0512,-0.0159,0.2628,,,,0,,0.0000,,,,,0,0.0000,18.8303,8.0000,-0.0769,-0.0903,Down,False,,,0,,,0.6361,0.6288,99,0.6110,0.6075,90,0.6515,0.6288,72,0.5520,0.6075,62,0.6115,0.6288,41,0.5681,0.6075,39,0.5735,0.6288,37,0.6357,0.6075,36,0.6184,0.6187,76,0.6538,0.6245,87,
COR,Cencora,Health Care,317.2500,0.0028,18.8223,0.0000,Up,,52.9443,0.6462,0.0843,0.0249,0.8381,0.5585,0.0123,-0.0014,0.0014,0.6783,,,,0,,0.0000,,,,,0,0.0000,18.8223,0.0000,-0.0401,0.0144,Up,False,,,0,,,0.7435,0.6960,106,0.5669,0.6468,87,0.7434,0.6960,67,0.5018,0.6468,45,0.7367,0.6960,50,0.5294,0.6468,33,0.5558,0.6960,19,0.6235,0.6468,21,0.6937,0.7365,68,0.5363,0.5341,110,
FDX,FedEx,Industrials,289.0400,0.0000,18.7216,8.0000,Mixed,SMA100 68% vs 57% (n=42),38.3932,0.3366,0.1327,0.0214,0.7674,0.6741,-0.0217,-0.0710,-0.0298,0.4019,,,,0,,0.0000,,,,,0,0.0000,18.7216,8.0000,-0.0935,-0.1030,Down,False,,,0,,,0.5777,0.6937,96,0.5926,0.5747,91,0.7012,0.6937,57,0.5444,0.5747,59,0.6613,0.6937,38,0.6804,0.5747,42,0.7581,0.6937,30,0.4241,0.5747,25,0.7469,0.6877,76,0.5650,0.5915,94,
DASH,DoorDash,Consumer Discretionary,191.2400,-0.0123,18.5259,29.6582,Up,SMA20 71% vs 60% (n=89),45.5121,0.4656,0.1320,0.0384,0.4922,0.3371,-0.0045,-0.0730,0.0270,0.7872,,,,0,,0.0000,SMA20,-0.1189,0.5967,0.7138,89,53.9239,18.5259,29.6582,-0.0631,-0.0423,Down,False,,,0,,,0.6004,0.7085,89,0.7138,0.5967,89,0.7186,0.7085,57,0.5497,0.5967,44,0.6369,0.7085,24,0.6340,0.5967,25,0.6235,0.7085,23,0.5820,0.5967,19,0.7443,0.6886,83,0.5444,0.5432,90,
SKYD,Skydance Corporation,Communication Services,8.8900,-0.0672,18.4915,20.6664,Down,,36.3966,-0.0640,0.2158,0.0671,1.4313,0.1156,-0.1217,-0.1064,-0.1458,-0.1444,,,,0,,0.0000,,,,,0,0.0000,18.4915,20.6664,-0.1903,-0.0793,Mixed,True,,,0,,,0.5878,0.6359,99,0.6527,0.6898,109,0.5828,0.6359,69,0.6184,0.6898,70,0.6363,0.6359,44,0.6687,0.6898,42,0.5015,0.6359,25,0.7440,0.6898,36,0.6224,0.6262,90,0.7581,0.7138,71,
OMC,Omnicom Group,Communication Services,74.8700,-0.0031,18.4443,8.0000,Mixed,,39.9806,0.3258,0.0974,0.0257,0.5812,0.4335,-0.0170,-0.0729,-0.0250,0.1343,,,,0,,0.0000,,,,,0,0.0000,18.4443,8.0000,-0.0849,-0.1007,Down,False,,,0,,,0.6167,0.5933,102,0.5605,0.6538,97,0.6673,0.5933,64,0.5385,0.6538,64,0.5993,0.5933,35,0.6049,0.6538,40,0.6435,0.5933,23,0.6130,0.6538,28,0.7173,0.7049,78,0.6550,0.6501,87,Earnings Tue Oct 20
NOW,ServiceNow,Information Technology,137.8700,-0.0007,18.3302,5.1000,Up,SMA200 72% vs 60% (n=16),54.1745,0.6007,0.0996,0.0406,0.7174,0.5069,0.0100,0.0514,0.1938,-0.4371,,,,0,,0.0000,,,,,0,0.0000,18.3302,5.1000,0.0101,0.2302,Up,False,,,0,,,0.5336,0.6581,104,0.6902,0.5992,98,0.5947,0.6581,66,0.6676,0.5992,67,0.5176,0.6581,32,0.6836,0.5992,39,0.6930,0.6581,20,0.7198,0.5992,16,0.7264,0.6645,74,0.7077,0.6416,83,
DHR,Danaher Corporation,Health Care,218.4900,0.0134,18.3239,5.1000,Up,,54.1901,0.6032,0.1493,0.0301,0.8862,0.7179,0.0154,0.0413,0.0883,-0.5531,,,,0,,0.0000,,,,,0,0.0000,18.3239,5.1000,0.0493,0.0803,Up,False,,,0,,,0.6903,0.6726,110,0.5379,0.6980,96,0.6202,0.6726,60,0.5388,0.6980,55,0.5265,0.6726,41,0.7606,0.6980,47,0.6331,0.6726,35,0.6512,0.6980,31,0.6980,0.7059,86,0.7479,0.7030,84,Earnings Wed Oct 21
CDW,CDW Corporation,Information Technology,136.8200,0.0085,18.2499,6.0000,Up,,46.3239,0.3632,0.2313,0.0406,0.7313,0.6574,-0.0316,-0.0363,0.0488,-0.7234,,,,0,,0.0000,,,,,0,0.0000,18.2499,6.0000,-0.0702,-0.0560,Down,False,,,0,,,0.6305,0.6708,97,0.6052,0.6291,96,0.6947,0.6708,56,0.5638,0.6291,59,0.6421,0.6708,36,0.5980,0.6291,37,0.6151,0.6708,28,0.6532,0.6291,32,0.7104,0.6757,73,0.6400,0.5803,84,
APO,Apollo Global Management,Financials,115.5500,-0.0034,18.1996,14.0000,Mixed,SMA50 73% vs 61% (n=46),32.5486,0.1949,0.1691,0.0319,0.8860,0.3195,-0.0516,-0.0975,-0.0782,-0.6453,,,,0,,0.0000,,,,,0,0.0000,18.1996,14.0000,-0.1406,-0.0682,Down,False,,,0,,,0.6967,0.7117,102,0.6534,0.6055,90,0.6266,0.7117,58,0.7284,0.6055,46,0.6202,0.7117,28,0.6606,0.6055,36,0.5577,0.7117,28,0.5749,0.6055,35,0.6174,0.6565,78,0.6499,0.5851,95,
ACGL,Arch Capital Group,Financials,94.3300,-0.0052,17.9741,8.0000,Mixed,,42.9144,0.3041,0.0550,0.0189,0.3849,0.4821,-0.0108,-0.0335,-0.0209,0.0327,,,,0,,0.0000,,,,,0,0.0000,17.9741,8.0000,-0.0316,-0.1090,Down,False,,,0,,,0.6893,0.7135,122,0.5333,0.5820,96,0.6776,0.7135,74,0.5887,0.5820,73,0.7353,0.7135,57,0.5485,0.5820,44,0.7142,0.7135,28,0.6463,0.5820,29,0.7264,0.6890,70,0.6532,0.6364,104,
CHRW,C.H. Robinson,Industrials,135.1800,0.0010,17.9665,22.7359,Down,,33.9971,-0.0735,0.1688,0.0426,1.2736,0.1529,-0.0968,-0.0904,-0.2084,-1.3783,,,,0,,0.0000,,,,,0,0.0000,17.9665,22.7359,-0.1166,-0.3322,Down,True,,,0,,,0.6815,0.7193,100,0.6137,0.5525,99,0.6600,0.7193,64,0.5629,0.5525,55,0.7287,0.7193,37,0.6095,0.5525,39,0.7380,0.7193,27,0.6060,0.5525,31,0.7598,0.7569,75,0.7073,0.6528,93,
FDS,FactSet,Financials,272.7800,0.0028,17.7954,5.1000,Up,,47.6606,0.4875,0.1006,0.0422,0.7489,0.6544,-0.0013,-0.0343,0.1036,-0.0405,,,,0,,0.0000,,,,,0,0.0000,17.7954,5.1000,-0.0733,0.0954,Mixed,False,,,0,,,0.6381,0.6131,97,0.6188,0.6618,94,0.5903,0.6131,73,0.6326,0.6618,65,0.6239,0.6131,40,0.6946,0.6618,43,0.6068,0.6131,33,0.7042,0.6618,31,0.6856,0.6622,83,0.7162,0.6561,96,
TDY,Teledyne Technologies,Information Technology,604.1500,-0.0290,17.7772,8.8053,Mixed,,42.2274,0.3574,0.0505,0.0187,1.0805,0.5643,-0.0072,-0.0435,-0.0336,1.9897,,,,0,,0.0000,,,,,0,0.0000,17.7772,8.8053,-0.0188,-0.0798,Down,False,,,0,,,0.6451,0.7229,109,0.6356,0.5714,94,0.6103,0.7229,63,0.5815,0.5714,67,0.7417,0.7229,39,0.5436,0.5714,37,0.6639,0.7229,35,0.5913,0.5714,32,0.6828,0.6678,79,0.6050,0.6656,88,
GEN,Gen Digital,Information Technology,22.3900,-0.0180,17.7242,16.0694,Mixed,,32.6040,0.2862,0.6144,0.0515,1.2069,0.3406,-0.1314,-0.1919,-0.0806,-0.2944,,,,0,,0.0000,,,,,0,0.0000,17.7242,16.0694,-0.2661,-0.1712,Down,True,,,0,,,0.6446,0.6304,93,0.5776,0.5725,90,0.6104,0.6304,46,0.5748,0.5725,40,0.6330,0.6304,30,0.6485,0.5725,35,0.4431,0.6304,22,0.5962,0.5725,25,0.6489,0.6146,83,0.6704,0.5861,89,
PG,Procter & Gamble,Consumer Staples,147.8200,-0.0040,17.7047,6.1717,Mixed,,54.4371,0.7234,0.0415,0.0161,1.0480,0.4377,0.0093,0.0147,0.0106,0.0663,,,,0,,0.0000,,,,,0,0.0000,17.7047,6.1717,-0.0018,-0.0224,Up,False,,,0,,,0.6256,0.7043,106,0.6056,0.6480,101,0.5976,0.7043,71,0.6370,0.6480,66,0.6260,0.7043,66,0.5630,0.6480,61,0.5909,0.7043,38,0.6184,0.6480,39,0.6931,0.6721,85,0.7834,0.6925,94,Earnings Thu Oct 22
PEP,PepsiCo,Consumer Staples,123.7300,-0.0158,17.6675,23.8287,Down,,22.1971,0.1065,0.1233,0.0183,1.3829,0.0061,-0.0485,-0.0855,-0.1422,-0.3941,,,,0,,0.0000,,,,,0,0.0000,17.6675,23.8287,-0.1235,-0.1294,Down,True,,,0,,,0.6689,0.6374,94,0.6262,0.6868,101,0.5867,0.6374,60,0.6679,0.6868,63,0.7078,0.6374,66,0.5990,0.6868,49,0.5708,0.6374,32,0.6512,0.6868,34,0.6500,0.6258,86,0.7546,0.6710,91,
L,Loews Corporation,Financials,105.6700,-0.0074,17.6243,8.0000,Mixed,SMA50 75% vs 62% (n=79) | SMA200 74% vs 62% (n=17),40.6639,0.3518,0.0619,0.0148,0.7263,0.3579,-0.0092,-0.0394,-0.0297,0.2004,,,,0,,0.0000,,,,,0,0.0000,17.6243,8.0000,-0.0411,-0.1183,Down,False,,,0,,,0.7023,0.6229,122,0.5465,0.6408,105,0.7529,0.6229,79,0.5252,0.6408,58,0.7351,0.6229,47,0.4247,0.6408,35,0.7377,0.6229,17,0.5868,0.6408,14,0.7579,0.7704,70,0.6620,0.6346,95,
ES,Eversource Energy,Utilities,65.2400,-0.0003,17.5064,8.0000,Mixed,,41.0105,0.4349,0.0965,0.0177,0.8472,0.3055,-0.0063,-0.0512,-0.0510,0.1794,,,,0,,0.0000,,,,,0,0.0000,17.5064,8.0000,-0.0939,-0.1437,Down,False,,,0,,,0.5831,0.6383,105,0.6997,0.6432,94,0.6547,0.6383,61,0.5788,0.6432,54,0.6547,0.6383,61,0.6065,0.6432,53,0.6964,0.6383,37,0.5179,0.6432,28,0.6529,0.6699,92,0.7149,0.6575,92,
ON,ON Semiconductor,Information Technology,82.5100,-0.0440,17.4255,10.3094,Mixed,,58.6828,0.8048,0.2951,0.0419,1.0425,0.4200,0.0900,0.0781,0.0197,1.6014,,,,0,,0.0000,,,,,0,0.0000,17.4255,10.3094,0.1436,-0.1934,Up,False,,,0,,,0.6332,0.7127,100,0.6274,0.5972,105,0.6458,0.7127,67,0.6804,0.5972,73,0.6640,0.7127,53,0.6154,0.5972,60,0.6277,0.7127,34,0.6835,0.5972,39,0.7716,0.6814,76,0.6942,0.6391,89,
EL,Estée Lauder Companies (The),Consumer Staples,94.4500,0.0117,17.3480,5.1000,Up,,48.9765,0.4299,0.0992,0.0324,0.8160,0.5254,-0.0070,0.0019,0.0335,-0.4467,,,,0,,0.0000,,,,,0,0.0000,17.3480,5.1000,-0.0884,0.1194,Mixed,False,,,0,,,0.5041,0.5934,86,0.6682,0.7012,84,0.6297,0.5934,49,0.6581,0.7012,58,0.6392,0.5934,31,0.6699,0.7012,39,0.5572,0.5934,20,0.6594,0.7012,23,0.5400,0.5294,74,0.6589,0.6100,68,
PHM,PulteGroup,Consumer Discretionary,112.3300,-0.0325,17.1110,22.3232,Down,SMA200 81% vs 68% (n=18),35.4816,-0.1125,0.0733,0.0288,1.2323,0.1211,-0.0449,-0.0925,-0.0946,-0.2422,,,,0,,0.0000,,,,,0,0.0000,17.1110,22.3232,-0.0796,-0.1266,Down,True,,,0,,,0.5974,0.6798,106,0.6177,0.6179,102,0.5922,0.6798,58,0.6351,0.6179,55,0.6517,0.6798,37,0.6621,0.6179,39,0.8054,0.6798,18,0.4985,0.6179,15,0.7736,0.7133,85,0.6209,0.5836,98,Earnings Thu Oct 22
VLTO,Veralto,Industrials,95.7300,-0.0075,17.1021,0.0000,Up,SMA100 80% vs 70% (n=17),49.6997,0.5813,0.0399,0.0184,0.7434,0.6090,0.0032,-0.0082,0.0330,0.0643,,,,0,,0.0000,,,,,0,0.0000,17.1021,0.0000,-0.0138,0.0043,Mixed,False,,,0,,,0.5899,0.7212,67,0.7089,0.6961,62,0.6143,0.7212,30,0.7312,0.6961,34,0.4936,0.7212,14,0.7993,0.6961,17,0.6109,0.7212,22,0.6266,0.6961,18,0.7503,0.7540,48,0.6832,0.6812,60,
WY,Weyerhaeuser,Real Estate,18.5700,-0.0016,17.0822,25.0000,Down,,19.1367,0.1716,0.2743,0.0277,1.5141,0.0354,-0.0901,-0.1786,-0.2167,-0.1327,,,,0,,0.0000,,,,,0,0.0000,17.0822,25.0000,-0.1988,-0.2036,Down,True,,,0,,,0.6058,0.6000,99,0.6669,0.6735,111,0.6219,0.6000,69,0.6710,0.6735,79,0.5164,0.6000,51,0.7161,0.6735,64,0.4732,0.6000,37,0.6468,0.6735,45,0.6873,0.6677,93,0.7793,0.7003,83,
NVR,"NVR, Inc.",Consumer Discretionary,5931.6201,-0.0190,17.0404,22.7545,Down,SMA100 80% vs 60% (n=40) | SMA50 79% vs 60% (n=62),36.7675,-0.0339,0.0726,0.0255,1.2755,0.1595,-0.0387,-0.0523,-0.1103,-26.6190,,,,0,,0.0000,,,,,0,0.0000,17.0404,22.7545,-0.0475,-0.1199,Down,True,,,0,,,0.6440,0.6923,109,0.6640,0.5973,99,0.5749,0.6923,53,0.7938,0.5973,62,0.3811,0.6923,40,0.8043,0.5973,40,0.6557,0.6923,17,0.6086,0.5973,18,0.7347,0.7148,87,0.7102,0.6834,97,
UPS,United Parcel Service,Industrials,92.2900,-0.0088,17.0121,20.3355,Down,,32.8426,0.2164,0.1408,0.0208,1.0336,0.3844,-0.0399,-0.0809,-0.0985,-0.0729,,,,0,,0.0000,,,,,0,0.0000,17.0121,20.3355,-0.0987,-0.1898,Down,False,,,0,,,0.6831,0.6575,95,0.5000,0.6250,89,0.6449,0.6575,59,0.5189,0.6250,49,0.6006,0.6575,47,0.5667,0.6250,41,0.6116,0.6575,33,0.6324,0.6250,30,0.6407,0.6931,69,0.6664,0.6592,96,
KVUE,Kenvue,Consumer Staples,17.5300,-0.0034,16.9761,8.0000,Mixed,SMA100 76% vs 61% (n=23),42.5702,0.3749,0.0414,0.0172,0.4761,0.6679,-0.0052,-0.0428,-0.0011,0.0138,,,,0,,0.0000,,,,,0,0.0000,16.9761,8.0000,-0.0526,-0.1013,Down,False,,,0,,,0.6180,0.7109,54,0.6280,0.6124,62,0.6328,0.7109,40,0.5403,0.6124,32,0.4948,0.7109,26,0.7574,0.6124,23,0.6863,0.7109,22,0.6580,0.6124,21,0.6788,0.6101,60,0.7106,0.7250,62,
DIS,Walt Disney Company (The),Communication Services,104.7500,0.0069,16.8557,33.6343,Up,SMA20 72% vs 59% (n=105),50.4244,0.4822,0.0649,0.0200,0.9906,0.5542,-0.0012,0.0001,0.0147,-0.1636,,,,0,,0.0000,SMA20,-0.0579,0.5920,0.7190,105,61.0360,16.8557,33.6343,-0.0202,0.0527,Mixed,False,,,0,,,0.5754,0.6221,82,0.7190,0.5920,105,0.4998,0.6221,45,0.6364,0.5920,61,0.5153,0.6221,28,0.6516,0.5920,38,0.6720,0.6221,25,0.6334,0.5920,25,0.6400,0.6090,92,0.6689,0.6255,70,
NI,NiSource,Utilities,40.5400,-0.0032,16.8090,14.0000,Down,SMA100 77% vs 61% (n=56) | SMA50 74% vs 61% (n=80),51.2092,0.6392,0.0794,0.0171,0.8556,0.2026,0.0110,-0.0189,-0.0875,0.1852,SMA20,0.6395,0.7286,127,0.6129,33.1981,,,,,0,0.0000,16.8090,14.0000,-0.0497,-0.1618,Down,False,,,0,,,0.7286,0.6129,127,0.5016,0.6619,87,0.7435,0.6129,80,0.5101,0.6619,60,0.7742,0.6129,56,0.4366,0.6619,41,0.5673,0.6129,25,0.6983,0.6619,27,0.7503,0.7568,76,0.7191,0.6427,115,
DRI,Darden Restaurants,Consumer Discretionary,201.4900,-0.0081,16.7266,14.4885,Mixed,,44.5255,0.3655,0.1312,0.0254,1.0489,0.5626,-0.0177,-0.0484,-0.0048,-0.1767,,,,0,,0.0000,,,,,0,0.0000,16.7266,14.4885,-0.0709,-0.0306,Down,False,,,0,,,0.6348,0.6150,107,0.6261,0.6836,93,0.6966,0.6150,67,0.6918,0.6836,65,0.7084,0.6150,39,0.5081,0.6836,25,0.6703,0.6150,31,0.6578,0.6836,26,0.7560,0.6941,83,0.7040,0.6559,102,
BG,Bunge Global,Consumer Staples,105.5100,-0.0170,16.7126,20.0000,Down,,33.5823,0.2067,0.2160,0.0340,0.7529,0.4988,-0.0634,-0.0650,-0.0848,-0.7336,,,,0,,0.0000,,,,,0,0.0000,16.7126,20.0000,-0.1656,-0.1020,Down,False,,,0,,,0.6696,0.6634,106,0.5641,0.6276,82,0.6522,0.6634,66,0.6216,0.6276,66,0.7011,0.6634,44,0.6028,0.6276,35,0.6595,0.6634,44,0.5700,0.6276,39,0.7049,0.7003,78,0.7203,0.6983,104,
IT,Gartner,Information Technology,185.7700,0.0046,16.6824,5.1000,Up,SMA200 88% vs 59% (n=26),50.9341,0.5110,0.1310,0.0421,0.7429,0.4495,0.0014,0.0066,0.0792,-0.2534,,,,0,,0.0000,,,,,0,0.0000,16.6824,5.1000,0.0591,0.3635,Mixed,False,,,0,,,0.5489,0.5853,95,0.6123,0.6549,95,0.5921,0.5853,54,0.6552,0.6549,58,0.6669,0.5853,28,0.6359,0.6549,30,0.8780,0.5853,26,0.3484,0.6549,15,0.6703,0.6645,85,0.6533,0.6331,81,
HRL,Hormel Foods,Consumer Staples,19.5500,-0.0166,16.4315,15.9455,Down,,28.3039,0.0915,0.0862,0.0237,1.1945,0.0185,-0.0352,-0.1242,-0.1413,0.0888,,,,0,,0.0000,,,,,0,0.0000,16.4315,15.9455,-0.0955,-0.2233,Down,False,,,0,,,0.6286,0.6652,110,0.6007,0.6683,102,0.6397,0.6652,58,0.6199,0.6683,60,0.4591,0.6652,41,0.7532,0.6683,50,0.4911,0.6652,34,0.6583,0.6683,35,0.6761,0.6307,87,0.7188,0.7047,82,
BSX,Boston Scientific,Health Care,41.5800,-0.0145,16.3805,20.0000,Down,,31.8222,-0.0548,0.0821,0.0309,0.7820,0.0012,-0.0456,-0.1093,-0.3177,-0.1088,,,,0,,0.0000,,,,,0,0.0000,16.3805,20.0000,-0.0928,-0.1123,Down,False,,,0,,,0.7188,0.7363,110,0.5817,0.5659,91,0.7564,0.7363,66,0.4012,0.5659,49,0.7548,0.7363,37,0.5069,0.5659,34,0.6973,0.7363,16,0.6636,0.5659,19,0.6894,0.7264,80,0.6788,0.6308,94,
MAS,Masco,Industrials,68.8700,-0.0152,16.3691,9.1072,Mixed,,47.1233,0.6484,0.0410,0.0258,1.1107,0.4409,0.0061,-0.0351,-0.0119,0.3200,,,,0,,0.0000,,,,,0,0.0000,16.3691,9.1072,-0.0463,-0.1339,Down,False,,,0,,,0.6595,0.6578,94,0.5516,0.6184,102,0.6143,0.6578,54,0.6182,0.6184,55,0.6251,0.6578,45,0.5420,0.6184,43,0.5040,0.6578,29,0.6788,0.6184,35,0.6443,0.6199,79,0.6884,0.6281,81,
MCO,Moody's Corporation,Financials,449.6300,-0.0059,16.2971,14.0000,Mixed,,38.0975,0.1956,0.0870,0.0233,0.7507,0.3482,-0.0265,-0.0611,-0.0412,-1.0745,,,,0,,0.0000,,,,,0,0.0000,16.2971,14.0000,-0.0829,-0.1113,Down,False,,,0,,,0.7057,0.6724,99,0.6439,0.6150,93,0.7179,0.6724,68,0.5618,0.6150,52,0.7202,0.6724,40,0.5786,0.6150,40,0.6580,0.6724,32,0.4685,0.6150,29,0.6852,0.6906,73,0.6943,0.6417,89,Earnings Wed Oct 21
WFC,Wells Fargo,Financials,80.2600,-0.0153,16.2821,14.0000,Mixed,,35.1984,0.2368,0.1696,0.0228,0.9679,0.3316,-0.0446,-0.0641,-0.0434,-0.2853,,,,0,,0.0000,,,,,0,0.0000,16.2821,14.0000,-0.1048,-0.1077,Down,False,,,0,,,0.6368,0.6934,93,0.5978,0.5946,97,0.6093,0.6934,58,0.6058,0.5946,61,0.6085,0.6934,40,0.6450,0.5946,40,0.6696,0.6934,33,0.5100,0.5946,34,0.6627,0.6779,68,0.6079,0.6343,89,Earnings Tue Oct 13
JBL,Jabil,Information Technology,299.4700,-0.0314,16.1248,8.0000,Mixed,,45.4076,0.3453,0.1127,0.0447,0.9221,0.4596,-0.0174,-0.0538,-0.0112,0.2962,,,,0,,0.0000,,,,,0,0.0000,16.1248,8.0000,-0.0584,-0.1357,Down,False,,,0,,,0.6568,0.6707,96,0.4786,0.5396,82,0.4861,0.6707,55,0.5494,0.5396,60,0.6601,0.6707,44,0.5405,0.5396,37,0.7368,0.6707,20,0.5347,0.5396,15,0.7206,0.7216,68,0.6260,0.5873,94,
HAL,Halliburton,Energy,31.7500,-0.0296,16.1153,20.8237,Down,,36.4832,0.2195,0.1674,0.0301,1.0824,0.4833,-0.0470,-0.0637,-0.0989,-0.0996,,,,0,,0.0000,,,,,0,0.0000,16.1153,20.8237,-0.1544,-0.1016,Down,False,,,0,,,0.6540,0.6858,95,0.6228,0.6312,98,0.7370,0.6858,54,0.6021,0.6312,55,0.5545,0.6858,28,0.6436,0.6312,31,0.5090,0.6858,23,0.6414,0.6312,28,0.6933,0.6525,69,0.6088,0.5894,82,Earnings Tue Oct 20
ZBH,Zimmer Biomet,Health Care,88.4900,-0.0133,16.0713,14.0000,Mixed,,39.1871,0.1896,0.1256,0.0285,0.9143,0.3619,-0.0390,-0.0751,-0.0260,-0.2272,,,,0,,0.0000,,,,,0,0.0000,16.0713,14.0000,-0.0756,-0.0422,Down,False,,,0,,,0.6320,0.7222,105,0.6352,0.6305,96,0.5841,0.7222,66,0.6273,0.6305,59,0.5178,0.7222,46,0.7023,0.6305,48,0.5525,0.7222,32,0.7168,0.6305,33,0.6573,0.6391,79,0.6817,0.6555,82,
ABT,Abbott Laboratories,Health Care,98.7300,0.0058,15.9836,14.2247,Mixed,,38.4474,0.2115,0.0814,0.0240,1.0225,0.3421,-0.0235,-0.0728,-0.0393,-0.1861,,,,0,,0.0000,,,,,0,0.0000,15.9836,14.2247,-0.0816,0.0168,Down,False,,,0,,,0.6593,0.6594,91,0.6164,0.6400,91,0.6393,0.6594,58,0.7141,0.6400,64,0.6557,0.6594,29,0.7390,0.6400,36,0.5392,0.6594,25,0.6368,0.6400,33,0.6574,0.6195,88,0.7027,0.6622,88,Earnings Wed Oct 21
LULU,Lululemon Athletica,Consumer Discretionary,91.8800,-0.0185,15.9224,20.0000,Down,,31.5247,0.0230,0.1317,0.0413,0.8420,0.0097,-0.0628,-0.1682,-0.3584,-0.1624,,,,0,,0.0000,,,,,0,0.0000,15.9224,20.0000,-0.1268,-0.2479,Down,False,,,0,,,0.5384,0.6525,90,0.6887,0.6062,91,0.6247,0.6525,45,0.6005,0.6062,45,0.6476,0.6525,34,0.6331,0.6062,33,0.6004,0.6525,22,0.5837,0.6062,19,0.6303,0.5892,87,0.6751,0.6522,68,
PYPL,PayPal,Financials,54.9500,0.0062,15.8409,8.0035,Up,SMA200 74% vs 58% (n=26),53.4092,0.9401,0.0635,0.0277,0.9181,0.4184,0.0279,-0.0239,0.1005,0.3127,,,,0,,0.0000,,,,,0,0.0000,15.8409,8.0035,0.0161,0.1790,Down,False,,,0,,,0.5688,0.6860,94,0.6667,0.5837,97,0.5866,0.6860,45,0.6389,0.5837,56,0.5059,0.6860,37,0.6732,0.5837,47,0.4884,0.6860,18,0.7445,0.5837,26,0.7063,0.6258,76,0.7461,0.6644,84,
AOS,A. O. Smith,Industrials,55.3400,-0.0274,15.7373,20.0000,Down,,33.7140,-0.1283,0.0519,0.0251,0.9138,0.0556,-0.0326,-0.0742,-0.1307,-0.0421,,,,0,,0.0000,,,,,0,0.0000,15.7373,20.0000,-0.0764,-0.0932,Down,False,,,0,,,0.6143,0.5897,91,0.6097,0.7000,99,0.6523,0.5897,64,0.6571,0.7000,52,0.6147,0.5897,34,0.5846,0.7000,35,0.5523,0.5897,22,0.6000,0.7000,24,0.6789,0.6678,78,0.6670,0.6731,81,
BA,Boeing,Industrials,188.3200,-0.0079,15.4790,20.0000,Down,,36.5601,0.2158,0.1558,0.0315,0.7226,0.1489,-0.0443,-0.1070,-0.1459,-0.0000,,,,0,,0.0000,,,,,0,0.0000,15.4790,20.0000,-0.1236,-0.1924,Down,False,,,0,,,0.6251,0.6889,90,0.6055,0.5837,94,0.6090,0.6889,58,0.6051,0.5837,61,0.5905,0.6889,43,0.6191,0.5837,45,0.6593,0.6889,29,0.4598,0.5837,25,0.6766,0.6133,75,0.6979,0.6559,80,
WTW,Willis Towers Watson,Financials,290.6700,-0.0045,15.3055,30.3738,Mixed,SMA50 66% vs 53% (n=48) | SMA100 64% vs 53% (n=35),34.5229,0.2865,0.1542,0.0231,0.7695,0.4644,-0.0329,-0.0964,-0.0186,-0.3250,,,,0,,0.0000,SMA100,-0.7085,0.5314,0.6442,35,29.7705,15.3055,30.3738,-0.1208,-0.0278,Down,False,,,0,,,0.6338,0.6966,114,0.5631,0.5314,101,0.7014,0.6966,57,0.6563,0.5314,48,0.5299,0.6966,39,0.6442,0.5314,35,0.5995,0.6966,24,0.5216,0.5314,25,0.7737,0.7704,84,0.6705,0.6805,97,
AVGO,Broadcom,Information Technology,376.5100,0.0019,15.3000,28.8695,Up,SMA50 60% vs 49% (n=63) | BB lower 87% vs 76% (n=71),59.3005,1.0245,0.1151,0.0293,0.7490,0.4284,0.0604,0.0119,0.0262,3.7154,,,,0,,0.0000,SMA50,0.4013,0.4903,0.5964,63,38.8796,15.3000,28.8695,0.0062,-0.0961,Mixed,False,,,0,,,0.6177,0.6914,96,0.5541,0.4903,97,0.6461,0.6914,56,0.5964,0.4903,63,0.6863,0.6914,35,0.5844,0.4903,37,0.7819,0.6914,20,0.5696,0.4903,17,0.8674,0.7636,71,0.6297,0.5846,95,
FICO,Fair Isaac,Information Technology,681.7700,-0.0197,15.2092,24.3057,Down,,29.9763,0.2244,0.6695,0.0794,1.4306,0.0739,-0.1845,-0.3132,-0.4330,-10.5852,,,,0,,0.0000,,,,,0,0.0000,15.2092,24.3057,-0.2867,-0.5036,Down,True,,,0,,,0.6679,0.7000,102,0.4590,0.5785,86,0.7746,0.7000,59,0.5329,0.5785,36,0.5657,0.7000,31,0.6301,0.5785,33,0.6714,0.7000,24,0.6052,0.5785,18,0.7196,0.6715,72,0.6106,0.5714,98,
PAYX,Paychex,Industrials,101.5500,0.0052,15.2028,14.0000,Mixed,,33.3211,0.3075,0.2953,0.0272,0.6732,0.4059,-0.0568,-0.1256,-0.0052,-0.4183,,,,0,,0.0000,,,,,0,0.0000,15.2028,14.0000,-0.1488,-0.0709,Down,False,,,0,,,0.6443,0.6300,107,0.6149,0.6220,96,0.4929,0.6300,64,0.7012,0.6220,68,0.6469,0.6300,54,0.5752,0.6220,49,0.6035,0.6300,30,0.6139,0.6220,31,0.6376,0.6604,77,0.6664,0.6588,96,
NOC,Northrop Grumman,Industrials,473.4600,-0.0200,15.1685,20.0000,Down,,27.4619,0.0754,0.1549,0.0244,0.7363,0.0114,-0.0658,-0.1114,-0.2011,-2.9476,,,,0,,0.0000,,,,,0,0.0000,15.1685,20.0000,-0.1042,-0.1429,Down,False,,,0,,,0.6349,0.6872,109,0.5815,0.6426,95,0.6763,0.6872,74,0.5165,0.6426,61,0.6148,0.6872,33,0.6349,0.6426,41,0.5982,0.6872,24,0.5396,0.6426,23,0.6972,0.7172,79,0.6689,0.6444,103,Earnings Tue Oct 20
ALGN,Align Technology,Health Care,139.8700,-0.0112,15.0208,20.0000,Down,SMA200 77% vs 60% (n=20),33.2417,0.0361,0.1014,0.0314,0.7294,0.1981,-0.0470,-0.1169,-0.1772,-0.0703,,,,0,,0.0000,,,,,0,0.0000,15.0208,20.0000,-0.1060,-0.2515,Down,False,,,0,,,0.6214,0.5961,98,0.5659,0.6485,96,0.5934,0.5961,59,0.6268,0.6485,48,0.5891,0.5961,34,0.6417,0.6485,39,0.7660,0.5961,20,0.5797,0.6485,16,0.6424,0.6325,84,0.6294,0.6612,86,
CEG,Constellation Energy,Utilities,299.5900,-0.0027,15.0000,23.7471,Mixed,SMA200 68% vs 48% (n=15) | SMA50 59% vs 48% (n=60),66.5630,1.0990,0.2004,0.0438,1.9286,0.3915,0.1200,0.0989,0.0472,3.9844,,,,0,,0.0000,,,,,0,0.0000,15.0000,23.7471,-0.0154,0.1602,Up,True,,,0,,,0.6918,0.6996,94,0.5215,0.4839,86,0.6300,0.6996,56,0.5927,0.4839,60,0.7657,0.6996,31,0.5594,0.4839,37,0.6124,0.6996,12,0.6808,0.4839,15,0.7436,0.7120,59,0.5665,0.5970,92,
VST,Vistra Corp.,Utilities,166.7200,0.0388,15.0000,28.3707,Mixed,SMA20 65% vs 47% (n=88) | SMA100 64% vs 47% (n=44),75.6288,1.2944,0.2061,0.0394,1.8528,0.4123,0.1637,0.1643,0.0803,2.7318,,,,0,,0.0000,,,,,0,0.0000,15.0000,28.3707,0.0834,0.0205,Up,True,,,0,,,0.6518,0.7723,102,0.6508,0.4677,88,0.6484,0.7723,64,0.5389,0.4677,57,0.5736,0.7723,38,0.6431,0.4677,44,0.6704,0.7723,20,0.6324,0.4677,29,0.7800,0.7598,64,0.6267,0.5768,105,
WYNN,Wynn Resorts,Consumer Discretionary,74.9700,-0.0215,14.6502,20.0000,Down,,24.3972,0.0968,0.1961,0.0350,0.9775,0.0046,-0.0791,-0.1794,-0.2647,-0.1299,,,,0,,0.0000,,,,,0,0.0000,14.6502,20.0000,-0.2043,-0.2761,Down,False,,,0,,,0.6399,0.6983,91,0.5994,0.6341,102,0.5968,0.6983,61,0.5990,0.6341,62,0.5075,0.6983,35,0.6786,0.6341,41,0.4569,0.6983,24,0.5980,0.6341,27,0.6656,0.6402,93,0.7110,0.6875,73,
CL,Colgate-Palmolive,Consumer Staples,87.2100,-0.0005,14.5805,29.6438,Mixed,SMA200 69% vs 57% (n=31),49.6160,0.6725,0.0470,0.0170,0.6836,0.5611,0.0081,-0.0238,-0.0086,0.2452,,,,0,,0.0000,SMA200,-0.5103,0.5750,0.6943,31,39.3524,14.5805,29.6438,-0.0308,-0.0728,Down,False,,,0,,,0.6126,0.7020,92,0.6281,0.5750,92,0.5756,0.7020,53,0.6368,0.5750,53,0.6691,0.7020,54,0.5776,0.5750,45,0.6617,0.7020,35,0.6943,0.5750,31,0.6223,0.6295,82,0.7047,0.6062,86,
LVS,Las Vegas Sands,Consumer Discretionary,35.8100,-0.0138,14.4885,20.0000,Down,,19.0609,0.1034,0.2185,0.0267,0.8233,0.0033,-0.0867,-0.1706,-0.2950,-0.1872,,,,0,,0.0000,,,,,0,0.0000,14.4885,20.0000,-0.2030,-0.2606,Down,False,,,0,,,0.5490,0.6379,99,0.6306,0.5794,98,0.6092,0.6379,56,0.6517,0.5794,64,0.6542,0.6379,32,0.5079,0.5794,36,0.5646,0.6379,20,0.6106,0.5794,26,0.6686,0.6297,91,0.6887,0.6955,77,
MAA,Mid-America Apartment Communities,Real Estate,114.2100,-0.0238,14.4564,20.0000,Down,SMA200 80% vs 67% (n=28),25.3138,0.1047,0.1085,0.0194,0.9460,0.0007,-0.0429,-0.0984,-0.1144,-0.0214,,,,0,,0.0000,,,,,0,0.0000,14.4564,20.0000,-0.1242,-0.1870,Down,False,,,0,,,0.6667,0.6667,111,0.5801,0.6717,92,0.5869,0.6667,67,0.6506,0.6717,57,0.6433,0.6667,53,0.6614,0.6717,56,0.5889,0.6667,26,0.8027,0.6717,28,0.6180,0.6556,86,0.7707,0.7059,84,
CHTR,Charter Communications,Communication Services,106.9600,-0.0155,14.1055,22.9371,Down,,27.6962,0.2220,0.4332,0.0536,1.2937,0.0114,-0.1204,-0.2295,-0.3831,-0.7354,,,,0,,0.0000,,,,,0,0.0000,14.1055,22.9371,-0.2833,-0.2404,Down,True,,,0,,,0.5640,0.5687,94,0.6955,0.7130,95,0.5855,0.5687,46,0.6802,0.7130,59,0.6125,0.5687,34,0.5958,0.7130,31,0.5408,0.5687,15,0.7549,0.7130,17,0.5493,0.6333,88,0.7003,0.7053,70,
BF-B,Brown–Forman,Consumer Staples,25.9400,-0.0156,14.0596,24.2045,Mixed,SMA200 78% vs 65% (n=34) | SMA100 76% vs 65% (n=59),44.0169,0.2048,0.0322,0.0257,0.7162,0.4308,-0.0095,-0.0416,-0.0210,0.0359,,,,0,,0.0000,SMA200,-0.8312,0.6464,0.7786,34,29.4627,14.0596,24.2045,-0.0343,0.0008,Down,False,,,0,,,0.6943,0.6281,99,0.6483,0.6464,91,0.5724,0.6281,79,0.6172,0.6464,65,0.3826,0.6281,47,0.7553,0.6464,59,0.4112,0.6281,24,0.7786,0.6464,34,0.6338,0.6340,71,0.7433,0.6678,83,
BRO,Brown & Brown,Financials,61.7200,0.0123,14.0454,10.4155,Mixed,,39.7288,0.3751,0.1672,0.0272,1.2416,0.1916,-0.0209,-0.0932,-0.0840,0.0927,,,,0,,0.0000,,,,,0,0.0000,14.0454,10.4155,-0.1120,-0.1246,Down,True,,,0,,,0.6168,0.6694,96,0.5875,0.6311,82,0.5396,0.6694,51,0.7110,0.6311,53,0.6266,0.6694,29,0.5698,0.6311,25,0.6672,0.6694,18,0.6315,0.6311,19,0.5221,0.6151,62,0.6186,0.6317,89,
COF,Capital One,Financials,195.9100,0.0005,13.9576,14.0000,Mixed,,37.7350,0.2970,0.0972,0.0219,0.8778,0.2685,-0.0197,-0.0679,-0.0385,-0.0308,,,,0,,0.0000,,,,,0,0.0000,13.9576,14.0000,-0.1016,-0.0540,Down,False,,,0,,,0.6330,0.6923,92,0.5832,0.6016,103,0.5723,0.6923,62,0.6680,0.6016,52,0.5325,0.6923,35,0.6175,0.6016,42,0.7404,0.6923,20,0.5639,0.6016,18,0.6408,0.7067,80,0.5958,0.6611,81,Earnings Tue Oct 20
AEE,Ameren,Utilities,101.3200,-0.0035,13.8420,19.0000,Down,,44.2881,0.4822,0.0754,0.0152,1.6544,0.2944,-0.0013,-0.0342,-0.0494,0.2734,,,,0,,0.0000,,,,,0,0.0000,13.8420,19.0000,-0.0679,-0.1236,Down,True,,,0,,,0.6463,0.6685,110,0.6447,0.5833,102,0.6717,0.6685,64,0.6566,0.5833,62,0.7395,0.6685,51,0.5952,0.5833,52,0.5891,0.6685,26,0.6133,0.5833,21,0.7487,0.7222,84,0.7121,0.6574,98,
DHI,D. R. Horton,Consumer Discretionary,133.2800,-0.0254,13.8318,20.7212,Down,SMA100 72% vs 57% (n=41),39.2240,0.0266,0.0766,0.0302,1.0721,0.0589,-0.0363,-0.0696,-0.0972,-0.3372,,,,0,,0.0000,,,,,0,0.0000,13.8318,20.7212,-0.0548,-0.1426,Down,False,,,0,,,0.5552,0.7118,102,0.6663,0.5732,97,0.5769,0.7118,46,0.6441,0.5732,57,0.5440,0.7118,38,0.7176,0.5732,41,0.5660,0.7118,24,0.6034,0.5732,23,0.6903,0.6502,78,0.6703,0.5882,92,
PNR,Pentair,Industrials,52.1900,-0.0142,13.7857,14.0000,Down,SMA200 77% vs 62% (n=16),24.3053,0.1324,0.1169,0.0271,0.9182,0.0092,-0.0430,-0.1348,-0.3463,0.1485,,,,0,,0.0000,,,,,0,0.0000,13.7857,14.0000,-0.1269,-0.3336,Down,False,,,0,,,0.5857,0.6236,101,0.6821,0.6192,92,0.6374,0.6236,36,0.7125,0.6192,50,0.6165,0.6236,26,0.6993,0.6192,31,0.7747,0.6236,16,0.6163,0.6192,13,0.6661,0.6540,90,0.6855,0.6600,83,Earnings Tue Oct 20
LHX,L3Harris,Industrials,233.6300,-0.0179,13.7017,14.0000,Down,,25.3903,0.1358,0.0934,0.0218,0.6010,0.0044,-0.0340,-0.1029,-0.2403,0.5993,,,,0,,0.0000,,,,,0,0.0000,13.7017,14.0000,-0.1037,-0.2267,Down,False,,,0,,,0.6547,0.6760,104,0.5819,0.6100,93,0.6319,0.6760,62,0.6793,0.6100,57,0.5866,0.6760,33,0.6689,0.6100,43,0.7058,0.6760,14,0.6850,0.6100,20,0.6582,0.6771,70,0.6733,0.6484,86,
GIS,General Mills,Consumer Staples,31.7700,-0.0127,13.4157,20.0000,Down,,28.6184,0.1476,0.2196,0.0329,0.9299,0.0345,-0.0774,-0.1390,-0.1595,-0.2601,,,,0,,0.0000,,,,,0,0.0000,13.4157,20.0000,-0.1743,-0.1350,Down,False,,,0,,,0.5797,0.5727,100,0.7081,0.7131,113,0.5395,0.5727,54,0.6979,0.7131,66,0.5603,0.5727,34,0.7239,0.7131,40,0.6371,0.5727,20,0.6029,0.7131,14,0.6952,0.6627,89,0.6948,0.7083,85,
CRH,CRH plc,Materials,81.4600,-0.0256,13.3959,14.0000,Down,SMA200 78% vs 63% (n=16),33.3637,0.1013,0.1105,0.0297,0.7528,0.0266,-0.0440,-0.1102,-0.2388,0.0513,,,,0,,0.0000,,,,,0,0.0000,13.3959,14.0000,-0.1182,-0.2528,Down,False,,,0,,,0.6425,0.6346,98,0.5312,0.5458,98,0.6349,0.6346,63,0.5585,0.5458,59,0.6172,0.6346,39,0.5175,0.5458,35,0.7769,0.6346,16,0.5657,0.5458,14,0.7068,0.6801,72,0.5859,0.5793,87,
DOW,Dow Inc.,Materials,27.7700,-0.0138,13.3736,14.0000,Down,,40.3211,0.2498,0.1055,0.0319,0.8745,0.3654,-0.0264,-0.0618,-0.1185,0.0103,,,,0,,0.0000,,,,,0,0.0000,13.3736,14.0000,-0.0781,-0.0508,Down,False,,,0,,,0.6788,0.6314,94,0.5747,0.6239,103,0.6795,0.6314,63,0.6590,0.6239,62,0.6628,0.6314,33,0.6616,0.6239,30,0.6842,0.6314,26,0.5908,0.6239,29,0.6818,0.6578,82,0.7168,0.6656,89,Earnings Thu Oct 22
VICI,Vici Properties,Real Estate,22.6400,-0.0040,13.3319,20.2626,Down,,27.9043,0.1602,0.1110,0.0166,1.0263,0.0276,-0.0377,-0.0868,-0.1440,-0.0419,,,,0,,0.0000,,,,,0,0.0000,13.3319,20.2626,-0.1042,-0.1467,Down,False,,,0,,,0.6063,0.6196,104,0.6785,0.6588,106,0.6185,0.6196,76,0.6192,0.6588,81,0.6144,0.6196,57,0.6603,0.6588,53,0.5970,0.6196,37,0.7156,0.6588,43,0.7236,0.6592,95,0.6923,0.6928,91,
JKHY,Jack Henry & Associates,Financials,145.6900,0.0087,13.2292,14.0000,Mixed,,39.0885,0.3080,0.1742,0.0282,0.6325,0.3557,-0.0334,-0.0694,-0.0659,-0.4793,,,,0,,0.0000,,,,,0,0.0000,13.2292,14.0000,-0.1057,-0.0631,Down,False,,,0,,,0.5948,0.6682,98,0.7123,0.6635,98,0.5754,0.6682,58,0.6508,0.6635,60,0.6739,0.6682,43,0.5904,0.6635,53,0.7432,0.6682,44,0.5172,0.6635,34,0.7233,0.6355,88,0.6855,0.6589,83,
KMB,Kimberly-Clark,Consumer Staples,96.4800,-0.0030,13.2233,8.0000,Mixed,,39.1648,0.3072,0.0572,0.0207,0.6054,0.2367,-0.0110,-0.0687,-0.0387,0.1302,,,,0,,0.0000,,,,,0,0.0000,13.2233,8.0000,-0.0799,-0.1483,Down,False,,,0,,,0.5473,0.6530,83,0.6759,0.6339,90,0.6764,0.6530,59,0.6177,0.6339,60,0.5692,0.6530,41,0.5740,0.6339,37,0.6129,0.6530,28,0.6512,0.6339,26,0.6680,0.6159,94,0.7292,0.6565,86,
CBRE,CBRE Group,Real Estate,127.5600,-0.0237,13.2206,20.0000,Down,,33.1891,0.1110,0.1471,0.0322,0.8034,0.1116,-0.0572,-0.1089,-0.1184,-0.5406,,,,0,,0.0000,,,,,0,0.0000,13.2206,20.0000,-0.1206,-0.1322,Down,False,,,0,,,0.6766,0.6723,99,0.5437,0.6414,89,0.6963,0.6723,53,0.5187,0.6414,53,0.6266,0.6723,37,0.6411,0.6414,39,0.6445,0.6723,25,0.5987,0.6414,22,0.6889,0.6502,68,0.6328,0.5957,93,Earnings Thu Oct 22
ALB,Albemarle Corporation,Materials,102.7500,-0.0339,13.0951,20.0000,Down,SMA50 69% vs 55% (n=54),32.9700,0.1192,0.1822,0.0413,0.8222,0.1186,-0.0694,-0.1575,-0.3329,-0.1994,,,,0,,0.0000,,,,,0,0.0000,13.0951,20.0000,-0.2215,-0.2337,Down,False,,,0,,,0.6024,0.5547,86,0.6234,0.6500,90,0.6934,0.5547,54,0.5333,0.6500,44,0.5947,0.5547,30,0.7463,0.6500,37,0.6109,0.5547,16,0.5800,0.6500,16,0.5781,0.5625,76,0.6572,0.6290,82,
BR,Broadridge Financial Solutions,Industrials,160.1300,0.0093,13.0630,11.9000,Mixed,,41.3404,0.2833,0.1001,0.0238,0.8422,0.2702,-0.0217,-0.0484,-0.0477,-0.5246,,,,0,,0.0000,,,,,0,0.0000,13.0630,11.9000,-0.0676,0.0571,Mixed,False,,,0,,,0.6587,0.6438,91,0.6001,0.6513,92,0.7264,0.6438,67,0.5450,0.6513,65,0.7144,0.6438,43,0.5502,0.6513,28,0.6941,0.6438,17,0.7093,0.6513,18,0.7009,0.6700,84,0.6840,0.6531,89,
MKC,McCormick & Company,Consumer Staples,45.2500,-0.0033,12.9835,20.0293,Down,SMA200 79% vs 66% (n=27),30.3427,0.1616,0.1767,0.0316,1.0029,0.0717,-0.0598,-0.1190,-0.1711,-0.2514,,,,0,,0.0000,,,,,0,0.0000,12.9835,20.0293,-0.1454,-0.1585,Down,False,,,0,,,0.6469,0.6280,88,0.6265,0.6575,80,0.6021,0.6280,50,0.6541,0.6575,52,0.6398,0.6280,39,0.6659,0.6575,42,0.5805,0.6280,21,0.7945,0.6575,27,0.6015,0.5828,83,0.6077,0.6633,81,
TPR,"Tapestry, Inc.",Consumer Discretionary,113.4200,-0.0285,12.9746,14.0000,Down,,38.4114,0.2930,0.0821,0.0298,0.7599,0.2985,-0.0170,-0.1165,-0.1764,1.0392,,,,0,,0.0000,,,,,0,0.0000,12.9746,14.0000,-0.0526,-0.2229,Down,False,,,0,,,0.6611,0.7013,91,0.6223,0.5954,85,0.6893,0.7013,61,0.5827,0.5954,55,0.7096,0.7013,38,0.5913,0.5954,44,0.7403,0.7013,16,0.5678,0.5954,9,0.7364,0.6617,77,0.5482,0.5927,97,
IDXX,Idexx Laboratories,Health Care,506.6700,-0.0170,12.8434,18.5985,Down,,39.9065,0.1934,0.0604,0.0266,1.4599,0.0225,-0.0185,-0.0641,-0.1343,0.8188,,,,0,,0.0000,,,,,0,0.0000,12.8434,18.5985,-0.0432,-0.1295,Down,True,,,0,,,0.6162,0.6765,101,0.6689,0.6422,103,0.6204,0.6765,60,0.6204,0.6422,63,0.5971,0.6765,29,0.6724,0.6422,37,0.6829,0.6765,19,0.6058,0.6422,25,0.6926,0.6788,88,0.7200,0.7309,82,
CPRT,Copart,Industrials,26.6200,-0.0075,12.6632,20.0000,Down,SMA200 74% vs 59% (n=18),30.3484,0.1737,0.2156,0.0316,0.7566,0.0118,-0.0703,-0.1228,-0.2009,-0.1504,,,,0,,0.0000,,,,,0,0.0000,12.6632,20.0000,-0.2007,-0.0969,Down,False,,,0,,,0.6061,0.5907,89,0.6357,0.6895,90,0.5797,0.5907,57,0.6368,0.6895,60,0.6474,0.5907,29,0.5987,0.6895,29,0.7438,0.5907,18,0.5879,0.6895,16,0.6804,0.6283,82,0.6810,0.6408,82,
AKAM,Akamai Technologies,Information Technology,104.6100,-0.0369,12.6404,20.0000,Down,SMA100 68% vs 58% (n=42),42.6021,0.2481,0.1605,0.0564,0.6566,0.3571,-0.0404,-0.0617,-0.0657,-0.2903,,,,0,,0.0000,,,,,0,0.0000,12.6404,20.0000,-0.0267,-0.2288,Down,False,,,0,,,0.6013,0.6338,100,0.5885,0.5805,90,0.5437,0.6338,54,0.6604,0.5805,51,0.3928,0.6338,33,0.6809,0.5805,42,0.6268,0.6338,16,0.6485,0.5805,15,0.6209,0.6162,66,0.6830,0.6469,73,
LOW,Lowe's,Consumer Discretionary,181.5400,-0.0116,12.5749,20.0000,Down,,31.9636,0.1547,0.1218,0.0236,0.7151,0.0277,-0.0421,-0.1066,-0.2070,-0.2522,,,,0,,0.0000,,,,,0,0.0000,12.5749,20.0000,-0.1131,-0.1789,Down,False,,,0,,,0.5925,0.6747,90,0.6321,0.6295,87,0.6359,0.6747,60,0.5926,0.6295,61,0.6288,0.6747,48,0.6636,0.6295,45,0.6305,0.6747,32,0.6412,0.6295,28,0.6688,0.6303,85,0.6935,0.6233,89,
FE,FirstEnergy,Utilities,44.5800,0.0072,12.5627,19.0000,Down,,48.0509,0.5310,0.0961,0.0158,1.5615,0.2278,0.0030,-0.0300,-0.0466,0.1149,,,,0,,0.0000,,,,,0,0.0000,12.5627,19.0000,-0.0575,-0.0913,Down,True,,,0,,,0.6912,0.7182,113,0.5989,0.6237,92,0.6080,0.7182,55,0.6929,0.6237,53,0.5825,0.7182,49,0.6809,0.6237,54,0.6175,0.7182,46,0.5376,0.6237,49,0.6971,0.7143,79,0.7118,0.6467,105,
NKE,"Nike, Inc.",Consumer Discretionary,34.3600,-0.0072,12.5439,20.0000,Down,SMA100 83% vs 60% (n=35) | SMA200 82% vs 60% (n=27),34.5655,0.1196,0.0983,0.0328,0.7970,0.0640,-0.0374,-0.1020,-0.2754,-0.0313,,,,0,,0.0000,,,,,0,0.0000,12.5439,20.0000,-0.1154,-0.2248,Down,False,,,0,,,0.5690,0.5830,95,0.6385,0.6016,100,0.4788,0.5830,51,0.7450,0.6016,65,0.3908,0.5830,25,0.8309,0.6016,35,0.3166,0.5830,16,0.8196,0.6016,27,0.5308,0.5911,89,0.7752,0.7290,72,
SYF,Synchrony Financial,Financials,71.9300,-0.0032,12.3525,27.1256,Mixed,SMA20 67% vs 53% (n=89),40.2609,0.3277,0.1007,0.0243,0.7424,0.3732,-0.0173,-0.0596,-0.0287,0.0286,,,,0,,0.0000,SMA20,-0.7259,0.5333,0.6681,89,34.7738,12.3525,27.1256,-0.1023,-0.0271,Down,False,,,0,,,0.6256,0.7336,103,0.6681,0.5333,89,0.6322,0.7336,56,0.5596,0.5333,57,0.6569,0.7336,37,0.5380,0.5333,39,0.6299,0.7336,34,0.5711,0.5333,26,0.6530,0.6370,78,0.5980,0.6040,87,Earnings Tue Oct 20
ROP,Roper Technologies,Information Technology,358.5700,-0.0102,12.1423,8.0000,Mixed,SMA200 76% vs 60% (n=32) | SMA50 71% vs 60% (n=64),40.1456,0.3380,0.1388,0.0262,0.5149,0.2555,-0.0225,-0.0782,-0.0202,0.3601,,,,0,,0.0000,,,,,0,0.0000,12.1423,8.0000,-0.1087,-0.0266,Down,False,,,0,,,0.6358,0.5989,102,0.5877,0.7208,103,0.7117,0.5989,64,0.6412,0.7208,66,0.6112,0.5989,49,0.5825,0.7208,37,0.7610,0.5989,32,0.4955,0.7208,22,0.6868,0.6851,99,0.7800,0.7447,87,Earnings Thu Oct 22
UDR,"UDR, Inc.",Real Estate,33.3200,-0.0174,12.0638,14.0000,Down,SMA100 70% vs 60% (n=45),32.6640,0.1660,0.0648,0.0179,0.7946,0.1578,-0.0216,-0.0754,-0.0848,0.0849,,,,0,,0.0000,,,,,0,0.0000,12.0638,14.0000,-0.0907,-0.1873,Down,False,,,0,,,0.6414,0.6000,112,0.6277,0.6869,88,0.6200,0.6000,66,0.6398,0.6869,55,0.7020,0.6000,45,0.5380,0.6869,42,0.4686,0.6000,31,0.7083,0.6869,38,0.5885,0.6388,87,0.7584,0.6837,84,
FOX,Fox Corporation (Class B),Communication Services,55.9800,0.0072,12.0482,11.9000,Mixed,,44.5918,0.2796,0.1083,0.0279,0.5293,0.5131,-0.0239,-0.0283,-0.0056,-0.2153,,,,0,,0.0000,,,,,0,0.0000,12.0482,11.9000,-0.0560,0.1249,Mixed,False,,,0,,,0.6638,0.7574,103,0.6125,0.5885,88,0.7247,0.7574,54,0.6859,0.5885,49,0.7261,0.7574,47,0.5431,0.5885,39,0.7282,0.7574,29,0.4923,0.5885,15,0.7680,0.7295,61,0.6118,0.6158,103,
CMG,Chipotle Mexican Grill,Consumer Discretionary,30.7700,-0.0042,11.9779,20.0000,Down,,31.2314,0.1896,0.2154,0.0366,0.8315,0.1847,-0.0669,-0.1098,-0.1154,-0.1828,,,,0,,0.0000,,,,,0,0.0000,11.9779,20.0000,-0.1847,-0.1472,Down,False,,,0,,,0.6628,0.6606,89,0.5571,0.5920,90,0.6041,0.6606,55,0.6731,0.5920,53,0.5826,0.6606,28,0.6743,0.5920,44,0.6861,0.6606,29,0.5280,0.5920,27,0.6362,0.6324,77,0.6811,0.6426,82,
MCD,McDonald's,Consumer Discretionary,230.8800,-0.0068,11.9739,20.0000,Down,,24.8931,0.2070,0.1499,0.0184,0.7441,0.0159,-0.0439,-0.0984,-0.1904,-0.2895,,,,0,,0.0000,,,,,0,0.0000,11.9739,20.0000,-0.1147,-0.1955,Down,False,,,0,,,0.6297,0.6593,105,0.6009,0.6737,102,0.5704,0.6593,69,0.6290,0.6737,75,0.7095,0.6593,42,0.5840,0.6737,40,0.7199,0.6593,33,0.4565,0.6737,26,0.6595,0.6677,88,0.7524,0.6837,94,
HIG,Hartford (The),Financials,126.9200,0.0010,11.8539,8.0000,Mixed,SMA200 77% vs 67% (n=45),40.1356,0.3655,0.1444,0.0189,0.7335,0.3199,-0.0194,-0.0608,-0.0579,0.1098,,,,0,,0.0000,,,,,0,0.0000,11.8539,8.0000,-0.0816,-0.1162,Down,False,,,0,,,0.6146,0.6686,111,0.5708,0.6632,90,0.7190,0.6686,79,0.4254,0.6632,61,0.6496,0.6686,54,0.6446,0.6632,42,0.7689,0.6686,45,0.4440,0.6632,29,0.7482,0.7742,79,0.6868,0.6361,106,
CPT,Camden Property Trust,Real Estate,95.8000,-0.0189,11.7536,14.0000,Down,,31.2923,0.1979,0.0855,0.0183,0.6559,0.0998,-0.0258,-0.0769,-0.0844,0.1943,,,,0,,0.0000,,,,,0,0.0000,11.7536,14.0000,-0.0924,-0.1817,Down,False,,,0,,,0.6555,0.6830,110,0.6155,0.6378,96,0.6629,0.6830,68,0.6103,0.6378,69,0.6795,0.6830,53,0.5683,0.6378,48,0.5874,0.6830,33,0.6424,0.6378,42,0.6303,0.6436,81,0.7236,0.6698,84,
AON,Aon plc,Financials,270.4700,-0.0128,11.7497,14.0000,Down,,28.4096,0.2162,0.1903,0.0267,0.7057,0.0360,-0.0540,-0.1632,-0.1795,0.7183,,,,0,,0.0000,,,,,0,0.0000,11.7497,14.0000,-0.1607,-0.2741,Down,False,,,0,,,0.7128,0.7120,101,0.5898,0.6114,90,0.6696,0.7120,57,0.6451,0.6114,68,0.4973,0.7120,52,0.7037,0.6114,62,0.5249,0.7120,30,0.6781,0.6114,35,0.7201,0.6722,90,0.7041,0.6302,99,
CMCSA,Comcast,Communication Services,20.9400,-0.0137,11.6850,20.0000,Down,SMA200 79% vs 64% (n=27),24.9665,0.2189,0.2233,0.0284,0.9455,0.0056,-0.0628,-0.1353,-0.1889,-0.0545,,,,0,,0.0000,,,,,0,0.0000,11.6850,20.0000,-0.2096,-0.1258,Down,False,,,0,,,0.5890,0.6667,99,0.6139,0.6376,93,0.6554,0.6667,55,0.7315,0.6376,61,0.6370,0.6667,41,0.6424,0.6376,42,0.5222,0.6667,26,0.7919,0.6376,27,0.6640,0.6013,93,0.6871,0.6788,80,Earnings Thu Oct 22
HII,Huntington Ingalls Industries,Industrials,260.6700,-0.0117,11.4574,14.1245,Down,SMA100 77% vs 63% (n=33),35.3206,0.1581,0.1080,0.0291,1.0124,0.0195,-0.0369,-0.1072,-0.2346,0.3730,,,,0,,0.0000,,,,,0,0.0000,11.4574,14.1245,-0.1111,-0.1215,Down,False,,,0,,,0.6319,0.6266,87,0.6735,0.6641,92,0.6766,0.6266,47,0.6331,0.6641,46,0.7704,0.6266,33,0.4744,0.6641,29,0.6609,0.6266,24,0.6169,0.6641,23,0.6490,0.6426,77,0.5986,0.6217,77,
ODFL,Old Dominion,Industrials,175.6100,-0.0135,11.4363,14.0000,Down,,38.9075,0.3494,0.0596,0.0288,0.9110,0.3985,-0.0090,-0.0918,-0.1203,1.3890,,,,0,,0.0000,,,,,0,0.0000,11.4363,14.0000,-0.0782,-0.2577,Down,False,,,0,,,0.5889,0.6784,94,0.6083,0.6316,107,0.6377,0.6784,52,0.6122,0.6316,72,0.6190,0.6784,44,0.6483,0.6316,40,0.6865,0.6784,32,0.4577,0.6316,19,0.7825,0.7375,79,0.6840,0.6667,92,
PPG,PPG Industries,Materials,105.0800,-0.0135,11.4089,15.1705,Down,SMA200 73% vs 60% (n=35),41.8708,0.3536,0.0382,0.0228,1.1171,0.3463,-0.0056,-0.0471,-0.0532,0.2388,,,,0,,0.0000,,,,,0,0.0000,11.4089,15.1705,-0.0595,-0.1247,Down,False,,,0,,,0.5829,0.7189,97,0.6792,0.5968,107,0.6697,0.7189,66,0.6714,0.5968,77,0.6185,0.7189,54,0.6277,0.5968,46,0.7316,0.7189,30,0.7279,0.5968,35,0.6103,0.6463,92,0.7597,0.7031,80,
ERIE,Erie Indemnity,Financials,217.7700,-0.0244,11.3843,22.0278,Down,SMA50 72% vs 58% (n=53) | SMA20 69% vs 58% (n=94),35.0050,0.2321,0.1983,0.0328,1.2028,0.1296,-0.0531,-0.1048,-0.1103,-0.4758,,,,0,,0.0000,,,,,0,0.0000,11.3843,22.0278,-0.1164,-0.1519,Down,True,,,0,,,0.5283,0.7371,100,0.6870,0.5805,94,0.4337,0.7371,42,0.7249,0.5805,53,0.4562,0.7371,20,0.6786,0.5805,23,0.6082,0.7371,14,0.5551,0.5805,20,0.6529,0.6749,66,0.6296,0.6392,89,
HSY,Hershey Company (The),Consumer Staples,160.3400,-0.0029,11.3612,20.0000,Down,SMA50 71% vs 57% (n=63) | SMA100 69% vs 57% (n=43),31.4197,0.2123,0.1224,0.0210,0.6216,0.0525,-0.0352,-0.0825,-0.1484,-0.2633,,,,0,,0.0000,,,,,0,0.0000,11.3612,20.0000,-0.0918,-0.0950,Down,False,,,0,,,0.6827,0.5670,96,0.5675,0.6942,89,0.7055,0.5670,63,0.5875,0.6942,62,0.6866,0.5670,43,0.5484,0.6942,43,0.6215,0.5670,27,0.6130,0.6942,25,0.6268,0.6336,83,0.6703,0.5872,92,
FOXA,Fox Corporation (Class A),Communication Services,62.7000,0.0100,11.3164,25.3699,Mixed,SMA100 67% vs 57% (n=41) | SMA50 67% vs 57% (n=50),44.9758,0.3044,0.1139,0.0283,0.8454,0.5288,-0.0223,-0.0286,-0.0001,-0.2305,,,,0,,0.0000,SMA100,0.6785,0.5674,0.6727,41,28.8126,11.3164,25.3699,-0.0560,0.1354,Mixed,False,,,0,,,0.6719,0.7231,103,0.6027,0.5674,96,0.6761,0.7231,55,0.6717,0.5674,50,0.6573,0.7231,43,0.6727,0.5674,41,0.6997,0.7231,23,0.5529,0.5674,20,0.7354,0.7518,64,0.6100,0.6088,100,
CARR,Carrier Global,Industrials,55.0000,-0.0196,10.8876,14.0000,Down,,40.4777,0.3795,0.0668,0.0275,0.5256,0.1988,-0.0081,-0.0646,-0.1040,0.2968,,,,0,,0.0000,,,,,0,0.0000,10.8876,14.0000,-0.0868,-0.2225,Down,False,,,0,,,0.4802,0.6654,89,0.7314,0.6316,102,0.6044,0.6654,55,0.6233,0.6316,53,0.6077,0.6654,30,0.5842,0.6316,26,0.7554,0.6654,26,0.4117,0.6316,24,0.7582,0.6891,88,0.4872,0.6151,77,
ICE,Intercontinental Exchange,Financials,152.5900,-0.0059,10.6363,11.9000,Mixed,,46.1839,0.3155,0.0523,0.0219,0.6208,0.5902,-0.0096,-0.0167,-0.0086,-0.3280,,,,0,,0.0000,,,,,0,0.0000,10.6363,11.9000,-0.0468,0.0966,Mixed,False,,,0,,,0.7182,0.6667,93,0.5787,0.5858,83,0.7135,0.6667,53,0.5643,0.5858,48,0.7075,0.6667,45,0.6359,0.5858,39,0.5238,0.6667,24,0.5395,0.5858,30,0.6092,0.6403,79,0.5918,0.6217,83,
EFX,Equifax,Industrials,142.4300,-0.0004,10.6288,20.0000,Down,SMA100 79% vs 54% (n=39) | SMA50 64% vs 54% (n=51),29.0979,0.2623,0.2932,0.0382,0.8759,0.0518,-0.0697,-0.1668,-0.2107,-0.3923,,,,0,,0.0000,,,,,0,0.0000,10.6288,20.0000,-0.1873,-0.1794,Down,False,,,0,,,0.5837,0.6771,100,0.6036,0.5372,94,0.6021,0.6771,47,0.6391,0.5372,51,0.6030,0.6771,32,0.7942,0.5372,39,0.6758,0.6771,37,0.5046,0.5372,28,0.6741,0.6613,83,0.7378,0.6772,81,Earnings Tue Oct 20
HON,Honeywell Technologies,Industrials,208.1100,-0.0224,10.5991,14.0000,Down,,41.3262,0.4441,0.0793,0.0208,0.6890,0.2291,-0.0044,-0.0512,-0.0913,0.8801,,,,0,,0.0000,,,,,0,0.0000,10.5991,14.0000,-0.0178,-0.1022,Down,False,,,0,,,0.6748,0.6327,102,0.6083,0.6094,97,0.5569,0.6327,58,0.5800,0.6094,64,0.6706,0.6327,46,0.6443,0.6094,51,0.6706,0.6327,46,0.4497,0.6094,37,0.7313,0.6562,83,0.6911,0.6460,88,Earnings Thu Oct 22
APP,AppLovin,Communication Services,281.2900,0.0090,10.5430,20.0000,Down,,36.9624,0.1684,0.2587,0.0534,0.6486,0.0307,-0.0858,-0.1294,-0.3753,-2.3066,,,,0,,0.0000,,,,,0,0.0000,10.5430,20.0000,-0.1157,-0.4960,Down,False,,,0,,,0.6395,0.6681,94,0.6096,0.5628,85,0.6960,0.6681,53,0.5707,0.5628,42,0.7314,0.6681,27,0.5569,0.5628,18,0.5902,0.6681,9,0.5894,0.5628,10,0.6916,0.6395,72,0.5827,0.5696,84,
FERG,Ferguson Enterprises,Industrials,215.0600,-0.0370,10.5285,14.0000,Down,SMA200 72% vs 57% (n=27),37.7754,0.1576,0.0690,0.0273,0.8185,0.0519,-0.0236,-0.0688,-0.0897,0.4489,,,,0,,0.0000,,,,,0,0.0000,10.5285,14.0000,-0.0669,-0.0755,Down,False,,,0,,,0.6572,0.6667,102,0.5321,0.5737,83,0.6090,0.6667,48,0.5826,0.5737,48,0.5702,0.6667,34,0.5859,0.5737,46,0.5467,0.6667,21,0.7192,0.5737,27,0.6131,0.6489,72,0.6012,0.5761,83,
TEL,TE Connectivity,Information Technology,215.8300,-0.0168,10.2715,36.3543,Mixed,SMA200 79% vs 57% (n=38),54.9143,0.6695,0.1115,0.0263,1.0237,0.4306,0.0189,0.0298,0.0134,0.5989,,,,0,,0.0000,SMA200,0.5037,0.5707,0.7924,38,66.4228,10.2715,36.3543,0.0357,0.0528,Up,False,,,0,,,0.6553,0.7016,101,0.5322,0.5707,98,0.6272,0.7016,77,0.5392,0.5707,67,0.6389,0.7016,63,0.6276,0.5707,57,0.6699,0.7016,39,0.7924,0.5707,38,0.7654,0.7643,81,0.6819,0.6717,85,
RMD,ResMed|,Health Care,225.9800,0.0240,10.0973,11.6594,Mixed,,54.7568,0.7515,0.0538,0.0247,0.9559,0.4526,0.0135,0.0075,0.0071,-0.0848,,,,0,,0.0000,,,,,0,0.0000,10.0973,11.6594,0.0051,0.0507,Up,False,,,0,,,0.5881,0.6429,99,0.6384,0.7143,107,0.6088,0.6429,61,0.6556,0.7143,69,0.5423,0.6429,45,0.6939,0.7143,52,0.5683,0.6429,41,0.6104,0.7143,40,0.7161,0.7171,81,0.6986,0.6465,77,
DUK,Duke Energy,Utilities,115.5000,-0.0014,10.0657,14.0000,Down,,42.8950,0.4553,0.0745,0.0133,0.9364,0.2127,-0.0033,-0.0354,-0.0562,0.2521,,,,0,,0.0000,,,,,0,0.0000,10.0657,14.0000,-0.0646,-0.1063,Down,False,,,0,,,0.6465,0.6895,107,0.6256,0.5800,110,0.7111,0.6895,73,0.5386,0.5800,69,0.7236,0.6895,62,0.5213,0.5800,58,0.6599,0.6895,32,0.6200,0.5800,32,0.7610,0.7313,80,0.7410,0.6455,98,
HD,Home Depot (The),Consumer Discretionary,285.7700,-0.0032,10.0252,14.3576,Down,SMA200 76% vs 58% (n=33),33.4099,0.2520,0.1273,0.0217,1.0358,0.0769,-0.0316,-0.1016,-0.1436,0.0899,,,,0,,0.0000,,,,,0,0.0000,10.0252,14.3576,-0.1063,-0.1866,Down,False,,,0,,,0.6981,0.6789,93,0.5478,0.5759,86,0.7330,0.6789,57,0.5475,0.5759,55,0.6679,0.6789,36,0.5869,0.5759,34,0.6504,0.6789,34,0.7650,0.5759,33,0.6508,0.6538,83,0.6469,0.6278,88,
SNPS,Synopsys,Information Technology,502.6700,-0.0049,10.0000,22.0815,Mixed,,74.9651,0.9400,0.4130,0.0378,0.6792,0.7920,0.1817,0.2124,0.1283,11.1196,,,,0,,0.0000,,,,,0,0.0000,10.0000,22.0815,0.2650,0.0972,Up,False,,,0,,,0.5880,0.7000,96,0.6236,0.5892,96,0.7065,0.7000,58,0.5453,0.5892,48,0.5864,0.7000,40,0.5583,0.5892,45,0.5657,0.7000,31,0.6775,0.5892,29,0.6886,0.6606,71,0.6329,0.5668,77,
ACN,Accenture,Information Technology,196.6400,0.0168,10.0000,7.4767,Mixed,SMA100 74% vs 63% (n=33),57.0704,0.7466,0.1982,0.0454,0.7446,0.4742,0.0489,0.0776,0.0221,1.0612,,,,0,,0.0000,,,,,0,0.0000,10.0000,7.4767,0.0811,0.3776,Up,False,,,0,,,0.5058,0.6310,86,0.7007,0.6170,88,0.5985,0.6310,47,0.6244,0.6170,48,0.7439,0.6310,33,0.4453,0.6170,24,0.5544,0.6310,24,0.6925,0.6170,27,0.6944,0.6035,83,0.5961,0.6232,74,
CDNS,Cadence Design Systems,Information Technology,356.1200,-0.0095,10.0000,17.6238,Mixed,SMA200 78% vs 66% (n=29),70.5074,0.8629,0.3705,0.0324,0.7345,0.6065,0.1345,0.1136,0.0914,6.9354,,,,0,,0.0000,,,,,0,0.0000,10.0000,17.6238,0.2362,-0.1138,Up,False,,,0,,,0.6490,0.6638,91,0.6089,0.5808,100,0.6766,0.6638,62,0.6261,0.5808,62,0.6745,0.6638,37,0.6026,0.5808,43,0.7774,0.6638,29,0.5830,0.5808,24,0.7905,0.7061,78,0.7126,0.6435,81,
HBAN,Huntington Bancshares,Financials,15.1700,-0.0104,9.8807,14.0000,Down,,33.7341,0.2409,0.1312,0.0218,0.9298,0.1535,-0.0340,-0.0811,-0.0856,0.0032,,,,0,,0.0000,,,,,0,0.0000,9.8807,14.0000,-0.1031,-0.1739,Down,False,,,0,,,0.6585,0.6405,91,0.6266,0.5976,86,0.6795,0.6405,66,0.5146,0.5976,57,0.7107,0.6405,39,0.5781,0.5976,33,0.5434,0.6405,32,0.6969,0.5976,31,0.6334,0.6429,79,0.5984,0.6192,72,Earnings Thu Oct 22
CASY,Casey's,Consumer Staples,633.2500,0.0201,9.8069,22.9370,Down,SMA100 89% vs 67% (n=44),43.6562,0.9681,0.0935,0.0345,0.7166,0.3180,0.0438,-0.1342,-0.1358,11.4032,,,,0,,0.0000,,,,,0,0.0000,9.8069,22.9370,-0.1539,-0.2655,Down,False,,,0,,,0.7166,0.6696,103,0.5863,0.6135,94,0.6769,0.6696,62,0.5147,0.6135,61,0.8891,0.6696,44,0.3818,0.6135,26,0.7599,0.6696,14,0.4965,0.6135,9,0.7253,0.7314,80,0.6523,0.6239,101,
VRT,Vertiv,Industrials,246.4900,-0.0263,9.6899,21.6248,Down,SMA50 69% vs 55% (n=44),45.7624,0.4693,0.0953,0.0466,1.0705,0.4257,-0.0029,-0.0477,-0.0732,1.3122,,,,0,,0.0000,SMA50,-1.0756,0.5540,0.6920,44,19.5201,9.6899,21.6248,-0.1695,-0.2754,Mixed,False,,,0,,,0.5960,0.7033,93,0.6437,0.5540,88,0.6310,0.7033,48,0.6920,0.5540,44,0.7592,0.7033,30,0.4442,0.5540,19,0.7745,0.7033,19,0.5135,0.5540,12,0.7735,0.7300,67,0.6358,0.5743,105,
MLM,Martin Marietta Materials,Materials,479.0100,-0.0204,9.6531,14.0000,Down,,38.1743,0.1881,0.0784,0.0269,0.6649,0.0371,-0.0245,-0.0719,-0.1823,1.0670,,,,0,,0.0000,,,,,0,0.0000,9.6531,14.0000,-0.0816,-0.1976,Down,False,,,0,,,0.6622,0.7136,103,0.5992,0.6305,97,0.5550,0.7136,57,0.6908,0.6305,59,0.6550,0.7136,37,0.6783,0.6305,41,0.7372,0.7136,27,0.6297,0.6305,27,0.6804,0.7185,84,0.7194,0.6261,94,
APTV,Aptiv,Consumer Discretionary,44.2200,-0.0112,9.5912,14.0000,Down,SMA200 84% vs 69% (n=23) | BB lower 72% vs 60% (n=90),45.7689,0.5330,0.0684,0.0317,0.6276,0.0358,0.0023,-0.0564,-0.2961,0.3069,BB lower,1.1462,0.7170,90,0.6000,13.8025,,,,,0,0.0000,9.5912,14.0000,-0.0502,-0.2978,Down,False,,,0,,,0.5171,0.6517,90,0.6839,0.6894,98,0.5226,0.6517,45,0.7211,0.6894,65,0.4902,0.6517,36,0.7658,0.6894,44,0.5046,0.6517,19,0.8429,0.6894,23,0.7170,0.6000,90,0.7192,0.7045,75,
MRSH,Marsh McLennan,Financials,173.6600,0.0112,9.4627,8.0000,Mixed,,47.1684,0.5971,0.0761,0.0211,0.9444,0.3880,0.0074,-0.0463,-0.0063,0.6389,,,,0,,0.0000,,,,,0,0.0000,9.4627,8.0000,-0.0496,-0.0552,Down,False,,,0,,,0.6448,0.6280,110,0.5745,0.6812,93,0.6174,0.6280,60,0.5895,0.6812,60,0.6179,0.6280,47,0.5787,0.6812,37,0.6735,0.6280,22,0.5719,0.6812,20,0.6558,0.7013,75,0.6719,0.6383,101,Earnings Thu Oct 15
DLTR,Dollar Tree,Consumer Staples,116.3000,0.0009,9.4260,8.0988,Mixed,,47.2763,0.7030,0.0747,0.0327,0.5845,0.5476,0.0152,-0.0584,-0.0067,0.6477,,,,0,,0.0000,,,,,0,0.0000,9.4260,8.0988,-0.0796,-0.0747,Down,False,,,0,,,0.6996,0.6157,81,0.6374,0.6360,80,0.6561,0.6157,47,0.6121,0.6360,41,0.6301,0.6157,38,0.6293,0.6360,35,0.6278,0.6157,27,0.7013,0.6360,31,0.6397,0.6131,78,0.6851,0.6128,93,
LEN,Lennar,Consumer Discretionary,76.1300,-0.0101,9.3045,20.0000,Down,,40.8093,0.1655,0.1178,0.0413,0.8270,0.0496,-0.0394,-0.0784,-0.1762,-0.3250,,,,0,,0.0000,,,,,0,0.0000,9.3045,20.0000,-0.0638,-0.1227,Down,False,,,0,,,0.5942,0.6447,103,0.6069,0.6352,104,0.5962,0.6447,54,0.6363,0.6352,55,0.5994,0.6447,32,0.6285,0.6352,43,0.6773,0.6447,19,0.4791,0.6352,18,0.6903,0.6858,84,0.7662,0.6804,87,
LNT,Alliant Energy,Utilities,65.2100,-0.0043,8.8681,14.0000,Down,SMA200 80% vs 63% (n=23),46.4175,0.5410,0.0817,0.0169,0.7389,0.1772,0.0033,-0.0345,-0.0629,0.2811,,,,0,,0.0000,,,,,0,0.0000,8.8681,14.0000,-0.0668,-0.1685,Down,False,,,0,,,0.7100,0.6627,111,0.5651,0.6263,96,0.6130,0.6627,77,0.6501,0.6263,66,0.5639,0.6627,61,0.6906,0.6263,59,0.6258,0.6627,29,0.7965,0.6263,23,0.7164,0.7235,81,0.6885,0.6497,100,
NXPI,NXP Semiconductors,Information Technology,235.2200,-0.0375,8.8635,27.9380,Down,SMA50 72% vs 60% (n=69) | BB lower 81% vs 69% (n=90),50.3412,0.5578,0.1166,0.0320,0.8863,0.3518,0.0067,0.0207,-0.0361,1.1077,,,,0,,0.0000,SMA50,0.6338,0.5989,0.7177,69,34.3059,8.8635,27.9380,0.0382,-0.2233,Up,False,,,0,,,0.6477,0.7250,107,0.6162,0.5989,107,0.6333,0.7250,59,0.7177,0.5989,69,0.5936,0.7250,43,0.6042,0.5989,43,0.6097,0.7250,27,0.5742,0.5989,35,0.8061,0.6925,90,0.6526,0.6842,86,
TPL,Texas Pacific Land Corporation,Energy,345.7900,-0.0264,8.6893,14.0000,Down,SMA100 72% vs 59% (n=30),46.9433,0.4468,0.1532,0.0389,0.7116,0.2807,-0.0081,-0.0441,-0.1288,1.4282,,,,0,,0.0000,,,,,0,0.0000,8.6893,14.0000,-0.1118,-0.1502,Down,False,,,0,,,0.5117,0.6639,95,0.6437,0.5936,96,0.7081,0.6639,52,0.5680,0.5936,53,0.6663,0.6639,27,0.7169,0.5936,30,0.7020,0.6639,24,0.5350,0.5936,21,0.7205,0.6903,72,0.6516,0.6604,86,
MCHP,Microchip Technology,Information Technology,78.0200,-0.0399,8.5348,12.5251,Down,SMA100 81% vs 63% (n=47),53.0014,0.6502,0.1903,0.0365,1.0735,0.5349,0.0286,0.0294,-0.0053,0.6291,,,,0,,0.0000,,,,,0,0.0000,8.5348,12.5251,0.0460,-0.1472,Up,False,,,0,,,0.5795,0.6432,85,0.6528,0.6266,104,0.5668,0.6432,57,0.6692,0.6266,64,0.6039,0.6432,40,0.8139,0.6266,47,0.6993,0.6432,34,0.6530,0.6266,32,0.7415,0.6575,98,0.7098,0.6885,83,
XYL,Xylem Inc.,Industrials,101.8200,-0.0263,8.4880,14.0000,Down,,37.4164,0.2467,0.1096,0.0249,0.9366,0.0605,-0.0278,-0.0818,-0.1495,0.1771,,,,0,,0.0000,,,,,0,0.0000,8.4880,14.0000,-0.0815,-0.1768,Down,False,,,0,,,0.5861,0.6944,98,0.7080,0.6266,97,0.5756,0.6944,46,0.6197,0.6266,42,0.5651,0.6944,31,0.6311,0.6266,38,0.6259,0.6944,26,0.6878,0.6266,20,0.6812,0.6458,82,0.6626,0.6578,86,
ED,Consolidated Edison,Utilities,104.6400,-0.0046,8.1093,14.0000,Down,,48.6492,0.5532,0.0553,0.0154,0.9593,0.5575,0.0029,-0.0159,-0.0188,0.2261,,,,0,,0.0000,,,,,0,0.0000,8.1093,14.0000,-0.0507,-0.0798,Down,False,,,0,,,0.6932,0.7161,104,0.5951,0.6271,96,0.5737,0.7161,62,0.6645,0.6271,69,0.5916,0.7161,60,0.6954,0.6271,60,0.7032,0.7161,47,0.6092,0.6271,51,0.7414,0.6899,82,0.7165,0.6292,100,
FTV,Fortive,Industrials,56.5200,-0.0237,8.0674,14.0000,Down,,48.7724,0.6915,0.0668,0.0206,0.8029,0.5312,0.0128,-0.0259,-0.0289,0.3653,,,,0,,0.0000,,,,,0,0.0000,8.0674,14.0000,-0.0170,-0.1111,Down,False,,,0,,,0.6028,0.7231,102,0.5960,0.6453,101,0.6513,0.7231,68,0.5970,0.6453,69,0.6178,0.7231,46,0.6316,0.6453,46,0.6639,0.7231,35,0.5790,0.6453,35,0.7197,0.7027,93,0.6910,0.6438,88,
DD,DuPont,Industrials,131.0800,-0.0165,8.0324,14.0000,Down,,48.8752,0.6903,0.0614,0.0199,0.6439,0.6169,0.0117,-0.0271,-0.0423,0.5595,,,,0,,0.0000,,,,,0,0.0000,8.0324,14.0000,-0.0190,-0.0597,Down,False,,,0,,,0.6686,0.6356,106,0.5781,0.6255,92,0.6700,0.6356,58,0.6467,0.6255,71,0.6714,0.6356,40,0.5834,0.6255,38,0.6622,0.6356,24,0.4049,0.6255,17,0.8004,0.7082,72,0.6381,0.6287,83,
IBM,IBM,Information Technology,220.5100,-0.0035,7.9353,20.0000,Down,SMA200 68% vs 58% (n=17),39.6355,0.2384,0.1580,0.0278,0.6600,0.1718,-0.0414,-0.0483,-0.1236,-0.8705,,,,0,,0.0000,,,,,0,0.0000,7.9353,20.0000,-0.0671,-0.2844,Down,False,,,0,,,0.6488,0.6992,82,0.6079,0.5789,87,0.6444,0.6992,50,0.5691,0.5789,44,0.6972,0.6992,33,0.4944,0.5789,29,0.6827,0.6992,25,0.6817,0.5789,17,0.7658,0.6667,70,0.4905,0.5220,92,Earnings Wed Oct 21
COO,Cooper Companies (The),Health Care,54.7500,-0.0298,7.9039,14.0000,Down,,31.7532,0.3700,0.0868,0.0326,0.8107,0.0963,-0.0113,-0.1714,-0.2287,0.6285,,,,0,,0.0000,,,,,0,0.0000,7.9039,14.0000,-0.2084,-0.2656,Down,False,,,0,,,0.6371,0.6120,105,0.6150,0.6840,85,0.5741,0.6120,56,0.5887,0.6840,55,0.6196,0.6120,29,0.6099,0.6840,30,0.6149,0.6120,26,0.6052,0.6840,22,0.5594,0.6069,79,0.7273,0.6599,78,
UBER,Uber,Industrials,68.4500,-0.0091,7.8913,14.0000,Down,SMA200 73% vs 58% (n=28) | SMA100 71% vs 58% (n=40),39.8971,0.2365,0.0805,0.0254,0.6563,0.0862,-0.0212,-0.0633,-0.0821,0.0352,,,,0,,0.0000,,,,,0,0.0000,7.8913,14.0000,-0.0812,-0.1159,Down,False,,,0,,,0.5896,0.7075,89,0.6536,0.5797,99,0.5911,0.7075,60,0.6155,0.5797,68,0.7073,0.7075,41,0.7118,0.5797,40,0.5403,0.7075,29,0.7287,0.5797,28,0.7382,0.6756,85,0.6664,0.6623,75,
DG,Dollar General,Consumer Staples,122.1400,-0.0092,7.7662,20.0000,Down,,49.6583,0.5011,0.0792,0.0302,0.7125,0.4605,0.0001,-0.0123,-0.0253,-0.0858,,,,0,,0.0000,,,,,0,0.0000,7.7662,20.0000,-0.0573,0.0241,Down,False,,,0,,,0.6331,0.6429,98,0.6653,0.6338,93,0.6714,0.6429,46,0.7256,0.6338,56,0.6911,0.6429,33,0.5314,0.6338,29,0.7347,0.6429,24,0.5920,0.6338,29,0.6707,0.6730,85,0.6938,0.7077,88,
FISV,Fiserv,Financials,45.3100,-0.0037,7.4831,21.1199,Down,SMA20 68% vs 57% (n=90),37.4699,0.2873,0.1771,0.0338,0.7012,0.0170,-0.0377,-0.1039,-0.1969,0.0218,,,,0,,0.0000,SMA20,-1.1569,0.5707,0.6839,90,12.9452,7.4831,21.1199,-0.1263,-0.1593,Down,False,,,0,,,0.6095,0.6938,99,0.6839,0.5707,90,0.5478,0.6938,54,0.5784,0.5707,57,0.4814,0.6938,35,0.6148,0.5707,42,0.6724,0.6938,15,0.5602,0.5707,9,0.6706,0.6644,79,0.5841,0.6205,79,
AXP,American Express,Financials,304.2500,-0.0010,7.4043,14.0000,Down,SMA200 71% vs 57% (n=26),35.5624,0.3172,0.1028,0.0180,0.9994,0.1576,-0.0188,-0.0660,-0.0784,0.4396,,,,0,,0.0000,,,,,0,0.0000,7.4043,14.0000,-0.0842,-0.1590,Down,False,,,0,,,0.5750,0.6929,93,0.5880,0.5691,90,0.6388,0.6929,52,0.5255,0.5691,46,0.6230,0.6929,47,0.5632,0.5691,32,0.5681,0.6929,22,0.7092,0.5691,26,0.6584,0.6678,76,0.5897,0.5892,78,Earnings Fri Oct 23
ETR,Entergy,Utilities,102.8000,-0.0044,7.3818,16.2368,Down,SMA200 71% vs 59% (n=19),50.7889,0.6536,0.0858,0.0190,0.7173,0.4754,0.0132,-0.0185,-0.0259,0.5193,,,,0,,0.0000,SMA200,-1.4008,0.5880,0.7110,19,4.0668,7.3818,16.2368,-0.0700,-0.1288,Down,False,,,0,,,0.6206,0.6605,105,0.6771,0.5880,94,0.7034,0.6605,68,0.6362,0.5880,61,0.6800,0.6605,44,0.5560,0.5880,38,0.7351,0.6605,20,0.7110,0.5880,19,0.8343,0.7703,80,0.6181,0.6081,97,
HUBB,Hubbell Incorporated,Industrials,475.4100,-0.0206,7.3401,15.1808,Down,SMA200 83% vs 65% (n=22),55.6680,0.7936,0.1149,0.0276,1.0340,0.4687,0.0337,0.0088,-0.0219,3.6600,,,,0,,0.0000,,,,,0,0.0000,7.3401,15.1808,0.0057,-0.0541,Up,False,,,0,,,0.6328,0.6528,106,0.5100,0.6118,91,0.6560,0.6528,64,0.5838,0.6118,67,0.6657,0.6528,54,0.5806,0.6118,45,0.8312,0.6528,22,0.4022,0.6118,17,0.7352,0.7038,76,0.6633,0.5803,99,
ATO,Atmos Energy,Utilities,159.2100,-0.0033,7.3068,17.7366,Down,SMA100 80% vs 68% (n=62) | SMA200 79% vs 68% (n=40),42.8508,0.4950,0.0681,0.0137,1.3737,0.1263,-0.0003,-0.0361,-0.0782,0.4954,,,,0,,0.0000,,,,,0,0.0000,7.3068,17.7366,-0.0699,-0.1198,Down,True,,,0,,,0.6809,0.6776,116,0.6035,0.5885,96,0.7163,0.6776,64,0.6149,0.5885,60,0.7986,0.6776,62,0.4358,0.5885,45,0.7889,0.6776,40,0.4953,0.5885,27,0.7336,0.7230,79,0.7131,0.6464,109,
FIS,Fidelity National Information Services,Financials,33.8200,0.0120,7.2588,14.0000,Down,,36.0629,0.3162,0.2043,0.0317,0.9901,0.0499,-0.0375,-0.1337,-0.2541,0.0315,,,,0,,0.0000,,,,,0,0.0000,7.2588,14.0000,-0.1494,-0.2143,Down,False,,,0,,,0.6532,0.5902,93,0.5776,0.6524,94,0.6024,0.5902,63,0.6140,0.6524,54,0.5987,0.5902,25,0.6062,0.6524,30,0.6180,0.5902,16,0.6829,0.6524,13,0.6232,0.6166,85,0.6820,0.6632,82,
LII,Lennox International,Industrials,358.4300,-0.0197,7.1953,14.0000,Down,,39.0695,0.2768,0.0571,0.0310,0.6947,0.0404,-0.0127,-0.0805,-0.2555,2.4746,,,,0,,0.0000,,,,,0,0.0000,7.1953,14.0000,-0.0831,-0.3671,Down,False,,,0,,,0.6736,0.6866,104,0.6484,0.6215,97,0.7610,0.6866,64,0.5562,0.6215,58,0.6405,0.6866,44,0.5484,0.6215,37,0.7572,0.6866,30,0.6374,0.6215,25,0.7788,0.7432,82,0.6494,0.6106,86,
STZ,Constellation Brands,Consumer Staples,118.3900,0.0235,7.1423,19.0000,Down,,46.4933,0.5468,0.1461,0.0260,2.4253,0.1402,0.0068,-0.0613,-0.1630,0.5620,,,,0,,0.0000,,,,,0,0.0000,7.1423,19.0000,-0.0386,-0.1355,Down,True,,,0,,,0.6841,0.6166,99,0.6542,0.6919,95,0.5620,0.6166,68,0.7172,0.6919,64,0.6548,0.6166,41,0.6333,0.6919,43,0.6326,0.6166,41,0.6153,0.6919,33,0.5941,0.6321,76,0.5782,0.6424,80,
LUV,Southwest Airlines,Industrials,41.7200,-0.0172,7.1386,14.0000,Down,SMA100 78% vs 61% (n=54),51.5041,0.6172,0.1218,0.0289,0.7477,0.5061,0.0143,-0.0043,-0.0338,0.1880,,,,0,,0.0000,,,,,0,0.0000,7.1386,14.0000,0.0617,-0.1849,Down,False,,,0,,,0.6275,0.6239,94,0.5899,0.6132,90,0.4999,0.6239,57,0.6584,0.6132,62,0.5754,0.6239,49,0.7837,0.6132,54,0.6699,0.6239,46,0.5878,0.6132,41,0.6604,0.6189,80,0.6664,0.6610,87,Earnings Wed Oct 21
MSCI,MSCI,Financials,555.3800,0.0008,7.1296,15.4614,Down,,51.5305,0.7438,0.0478,0.0218,0.7068,0.4072,0.0117,-0.0070,-0.0250,1.4213,,,,0,,0.0000,,,,,0,0.0000,7.1296,15.4614,-0.0100,-0.1127,Down,False,,,0,,,0.5553,0.6319,105,0.6721,0.7316,106,0.6470,0.6319,71,0.6795,0.7316,68,0.6641,0.6319,51,0.5761,0.7316,41,0.4909,0.6319,48,0.7533,0.7316,49,0.7370,0.7010,88,0.7135,0.6980,77,Earnings Tue Oct 20
TKO,TKO Group Holdings,Communication Services,178.6400,0.0124,7.0061,20.0000,Down,,41.3018,0.2533,0.1307,0.0312,0.8651,0.1404,-0.0323,-0.0462,-0.0823,-0.8635,,,,0,,0.0000,,,,,0,0.0000,7.0061,20.0000,-0.0989,-0.0833,Down,False,,,0,,,0.6430,0.6832,92,0.5624,0.6061,91,0.7314,0.6832,64,0.5391,0.6061,58,0.7747,0.6832,46,0.4585,0.6061,34,0.7366,0.6832,16,0.5916,0.6061,17,0.7727,0.7266,80,0.6283,0.5575,103,
ECHO,EchoStar,Communication Services,97.6900,-0.0232,7.0000,19.6592,Down,,60.8683,0.8682,0.1325,0.0329,0.8934,0.3918,0.0488,0.0827,-0.1011,0.7423,,,,0,,0.0000,,,,,0,0.0000,7.0000,19.6592,0.0285,-0.0393,Up,False,,,0,,,0.6006,0.7143,84,0.5743,0.5645,87,0.6534,0.7143,57,0.6124,0.5645,65,0.7409,0.7143,39,0.5968,0.5645,40,0.5155,0.7143,19,0.6638,0.5645,22,0.7242,0.7075,80,0.6311,0.6341,84,
ROL,"Rollins, Inc.",Industrials,30.8700,0.0171,6.9112,14.9624,Down,SMA200 81% vs 65% (n=24),37.0790,0.3510,0.2199,0.0295,1.0962,0.0438,-0.0328,-0.1113,-0.3682,0.0755,,,,0,,0.0000,,,,,0,0.0000,6.9112,14.9624,-0.1340,-0.3436,Down,False,,,0,,,0.6106,0.6537,92,0.6606,0.5992,95,0.6945,0.6537,66,0.5999,0.5992,50,0.7426,0.6537,48,0.4578,0.5992,34,0.8077,0.6537,24,0.5198,0.5992,16,0.6817,0.6335,76,0.7009,0.6190,78,
CVNA,Carvana,Consumer Discretionary,62.7600,-0.0175,6.7788,17.0000,Down,SMA100 76% vs 57% (n=41) | SMA200 68% vs 57% (n=17),41.0014,0.2669,0.1578,0.0489,0.8276,0.1933,-0.0368,-0.0870,-0.1226,-0.0443,,,,0,,0.0000,,,,,0,0.0000,6.7788,17.0000,-0.1773,-0.1015,Mixed,False,,,0,,,0.5770,0.6272,87,0.6495,0.5740,95,0.6820,0.6272,51,0.6788,0.5740,48,0.4335,0.6272,41,0.7621,0.5740,41,0.6433,0.6272,17,0.6808,0.5740,17,0.6567,0.6259,79,0.6206,0.5936,82,
PNW,Pinnacle West Capital,Utilities,97.5400,-0.0051,6.5534,19.8017,Down,,58.5779,0.8932,0.0832,0.0178,1.0710,0.5207,0.0327,0.0018,-0.0046,0.7837,,,,0,,0.0000,,,,,0,0.0000,6.5534,19.8017,-0.0223,-0.1145,Mixed,False,,,0,,,0.6796,0.6368,116,0.5800,0.6697,92,0.6513,0.6368,69,0.6620,0.6697,65,0.5648,0.6368,43,0.6408,0.6697,47,0.6926,0.6368,30,0.6786,0.6697,25,0.7271,0.7000,81,0.6468,0.6242,105,
CSGP,CoStar Group,Real Estate,27.6000,-0.0011,6.5208,20.0000,Down,,38.7786,0.3086,0.1929,0.0369,0.8002,0.0308,-0.0369,-0.0860,-0.3015,-0.0254,,,,0,,0.0000,,,,,0,0.0000,6.5208,20.0000,-0.1075,-0.0910,Down,False,,,0,,,0.5457,0.6201,94,0.6784,0.6202,94,0.6247,0.6201,64,0.6302,0.6202,65,0.6565,0.6201,47,0.5757,0.6202,42,0.6812,0.6201,29,0.4993,0.6202,23,0.7338,0.6435,84,0.7870,0.7028,72,
CLX,Clorox,Consumer Staples,82.2100,-0.0157,6.3353,14.0000,Down,,37.5996,0.3327,0.1287,0.0291,0.6703,0.0662,-0.0215,-0.1299,-0.1734,0.4576,,,,0,,0.0000,,,,,0,0.0000,6.3353,14.0000,-0.1197,-0.1429,Down,False,,,0,,,0.5835,0.6490,93,0.6651,0.6293,93,0.4586,0.6490,54,0.6487,0.6293,60,0.6899,0.6490,36,0.5820,0.6293,45,0.6847,0.6490,29,0.5446,0.6293,30,0.7123,0.6287,95,0.6937,0.7000,75,
AEP,American Electric Power,Utilities,122.0800,0.0034,6.2718,16.4567,Down,,54.0536,0.7737,0.0548,0.0164,0.7678,0.4090,0.0150,-0.0069,-0.0295,0.4843,,,,0,,0.0000,,,,,0,0.0000,6.2718,16.4567,-0.0439,-0.1175,Down,False,,,0,,,0.6608,0.6773,103,0.6590,0.6393,97,0.6265,0.6773,53,0.6705,0.6393,55,0.6912,0.6773,52,0.5014,0.6393,37,0.5322,0.6773,18,0.6744,0.6393,25,0.7238,0.7000,80,0.6236,0.5894,96,
CTSH,Cognizant,Information Technology,57.0700,-0.0026,6.0888,17.0000,Down,SMA100 73% vs 55% (n=36),44.0488,0.2526,0.1450,0.0393,0.7587,0.4156,-0.0359,-0.0389,-0.0484,-0.3188,,,,0,,0.0000,,,,,0,0.0000,6.0888,17.0000,-0.0648,0.2862,Mixed,False,,,0,,,0.6233,0.5540,91,0.6533,0.6897,89,0.5618,0.5540,48,0.5906,0.6897,43,0.7304,0.5540,36,0.6175,0.6897,28,0.5434,0.5540,24,0.5862,0.6897,28,0.6454,0.5938,88,0.6694,0.6400,79,
COST,Costco,Consumer Staples,942.2500,0.0070,5.9500,46.0337,Down,SMA100 65% vs 52% (n=33),60.9220,1.0489,0.0618,0.0163,0.7489,0.4005,0.0339,0.0109,-0.0191,5.0927,,,,0,,0.0000,SMA100,-0.4170,0.5164,0.6504,33,48.3712,5.9500,46.0337,0.0180,-0.0028,Mixed,False,,,0,,,0.7445,0.7251,106,0.5722,0.5164,87,0.6702,0.7251,63,0.5616,0.5164,62,0.7154,0.7251,35,0.6504,0.5164,33,0.5853,0.7251,30,0.5807,0.5164,34,0.6767,0.6873,71,0.6218,0.5727,101,
SPGI,S&P Global,Financials,395.1800,-0.0024,5.5222,20.0000,Down,,41.2128,0.3156,0.0839,0.0231,0.7463,0.2285,-0.0155,-0.0469,-0.0619,-0.3446,,,,0,,0.0000,,,,,0,0.0000,5.5222,20.0000,-0.0967,-0.1217,Down,False,,,0,,,0.7057,0.7012,102,0.5857,0.6174,89,0.6238,0.7012,55,0.6994,0.6174,51,0.7237,0.7012,51,0.5112,0.6174,38,0.6612,0.7012,32,0.5635,0.6174,27,0.7025,0.6784,81,0.6476,0.6306,91,
NEE,NextEra Energy,Utilities,77.0600,-0.0105,5.5170,14.0000,Down,SMA100 68% vs 57% (n=42),38.7736,0.3584,0.1238,0.0178,0.8029,0.1158,-0.0175,-0.0608,-0.1069,0.1581,,,,0,,0.0000,,,,,0,0.0000,5.5170,14.0000,-0.0980,-0.1451,Down,False,,,0,,,0.6513,0.6838,100,0.6152,0.5714,94,0.6381,0.6838,52,0.6052,0.5714,51,0.5901,0.6838,43,0.6801,0.5714,42,0.7390,0.6838,20,0.5495,0.5714,22,0.6797,0.6840,78,0.6576,0.6115,94,Earnings Wed Oct 21
OTIS,Otis Worldwide,Industrials,65.7400,-0.0107,5.4658,14.0000,Down,,41.5760,0.3129,0.1032,0.0231,0.5967,0.0725,-0.0193,-0.0594,-0.1465,0.0212,,,,0,,0.0000,,,,,0,0.0000,5.4658,14.0000,-0.0789,-0.1179,Down,False,,,0,,,0.6637,0.6667,107,0.5931,0.6698,100,0.6275,0.6667,64,0.6491,0.6698,71,0.6806,0.6667,44,0.6487,0.6698,51,0.7172,0.6667,29,0.5703,0.6698,27,0.7296,0.6933,93,0.7858,0.7169,90,
NFLX,Netflix,Communication Services,69.7000,0.0147,5.2565,20.0000,Down,SMA100 72% vs 59% (n=30),41.0309,0.3291,0.2058,0.0264,0.8372,0.0773,-0.0352,-0.0759,-0.1671,-0.2687,,,,0,,0.0000,,,,,0,0.0000,5.2565,20.0000,-0.1093,-0.1130,Down,False,,,0,,,0.6591,0.6487,94,0.5783,0.5897,90,0.7282,0.6487,49,0.5283,0.5897,44,0.5884,0.6487,31,0.7164,0.5897,30,0.6329,0.6487,8,0.4466,0.5897,8,0.5980,0.6113,72,0.6486,0.5730,72,Earnings Tue Oct 20
TTWO,Take-Two Interactive,Communication Services,204.0100,0.0073,5.2442,14.0000,Down,SMA50 74% vs 60% (n=60),39.8360,0.3464,0.1099,0.0292,0.9051,0.2092,-0.0169,-0.0890,-0.0891,0.7816,,,,0,,0.0000,,,,,0,0.0000,5.2442,14.0000,-0.0607,-0.2075,Down,False,,,0,,,0.7121,0.6898,108,0.5605,0.6027,102,0.6946,0.6898,59,0.7408,0.6027,60,0.6423,0.6898,47,0.6614,0.6027,45,0.6800,0.6898,28,0.6819,0.6027,23,0.6913,0.6891,81,0.6879,0.6806,93,
GEHC,GE HealthCare,Health Care,64.6700,-0.0015,5.1747,14.6894,Down,,41.5040,0.4110,0.0638,0.0240,1.0689,0.1925,-0.0057,-0.0615,-0.0888,0.0760,,,,0,,0.0000,,,,,0,0.0000,5.1747,14.6894,-0.0487,-0.0364,Down,False,,,0,,,0.6550,0.6772,78,0.6613,0.5695,69,0.4731,0.6772,44,0.6516,0.5695,44,0.6380,0.6772,41,0.6079,0.5695,31,0.6188,0.6772,23,0.6093,0.5695,26,0.7170,0.6883,64,0.6976,0.6623,60,
PCG,PG&E Corporation,Utilities,12.7900,0.0232,5.0125,14.4842,Down,SMA50 78% vs 66% (n=76),41.4678,0.5137,0.1820,0.0382,1.0484,0.1474,0.0025,-0.1532,-0.2186,0.1639,,,,0,,0.0000,,,,,0,0.0000,5.0125,14.4842,-0.1506,-0.2890,Down,False,,,0,,,0.7380,0.6649,108,0.5779,0.6306,99,0.7832,0.6649,76,0.5682,0.6306,55,0.6383,0.6649,55,0.6062,0.6306,48,0.7478,0.6649,37,0.5970,0.6306,22,0.8053,0.7525,73,0.6935,0.6276,102,Earnings Thu Oct 22
TDG,TransDigm Group,Industrials,1096.2100,-0.0065,4.8355,14.0000,Down,,40.7779,0.4193,0.0572,0.0230,0.9757,0.0637,-0.0046,-0.0618,-0.1195,4.0788,,,,0,,0.0000,,,,,0,0.0000,4.8355,14.0000,-0.0599,-0.1905,Down,False,,,0,,,0.6869,0.7189,105,0.5240,0.5876,94,0.6452,0.7189,64,0.5540,0.5876,58,0.5375,0.7189,46,0.6470,0.5876,46,0.7264,0.7189,33,0.6197,0.5876,24,0.6378,0.7302,68,0.6640,0.5948,102,
VMC,Vulcan Materials Company,Materials,244.1300,-0.0190,4.8337,14.0000,Down,,40.7831,0.3610,0.0503,0.0270,0.6910,0.0770,-0.0070,-0.0710,-0.1360,1.2954,,,,0,,0.0000,,,,,0,0.0000,4.8337,14.0000,-0.0721,-0.1894,Down,False,,,0,,,0.6446,0.7268,106,0.6192,0.6346,97,0.5575,0.7268,64,0.7228,0.6346,59,0.5832,0.7268,49,0.6285,0.6346,43,0.6818,0.7268,34,0.6224,0.6346,29,0.6965,0.6933,89,0.6455,0.6687,90,
DPZ,Domino's,Consumer Discretionary,303.1000,0.0008,4.7909,15.7311,Down,SMA50 75% vs 64% (n=46),45.2368,0.5753,0.1038,0.0288,1.1731,0.1478,0.0078,-0.0736,-0.1287,1.8025,,,,0,,0.0000,,,,,0,0.0000,4.7909,15.7311,-0.1080,-0.0229,Down,False,,,0,,,0.6048,0.7238,100,0.6893,0.6376,94,0.6016,0.7238,54,0.7510,0.6376,46,0.5557,0.7238,48,0.7310,0.6376,46,0.7205,0.7238,25,0.6820,0.6376,32,0.6299,0.6463,89,0.6818,0.6473,79,Earnings Tue Oct 13
ORLY,O'Reilly Automotive,Consumer Discretionary,84.6100,-0.0062,4.7800,14.5079,Down,SMA200 73% vs 56% (n=17),43.4027,0.3333,0.0469,0.0211,1.0508,0.0941,-0.0078,-0.0393,-0.0685,0.0531,,,,0,,0.0000,,,,,0,0.0000,4.7800,14.5079,-0.0321,-0.0425,Down,False,,,0,,,0.6849,0.7299,101,0.5772,0.5636,90,0.6016,0.7299,69,0.5855,0.5636,75,0.5867,0.7299,47,0.6582,0.5636,45,0.6152,0.7299,17,0.7264,0.5636,17,0.7860,0.7206,76,0.6245,0.6121,96,
STE,Steris,Health Care,209.6800,0.0049,4.7294,14.0000,Down,,41.0900,0.5075,0.0347,0.0205,0.9552,0.2147,0.0003,-0.0594,-0.0739,0.6824,,,,0,,0.0000,,,,,0,0.0000,4.7294,14.0000,-0.0573,-0.0628,Down,False,,,0,,,0.5683,0.6613,108,0.6316,0.7366,102,0.6760,0.6613,65,0.5754,0.7366,55,0.7103,0.6613,49,0.6536,0.7366,51,0.6391,0.6613,33,0.5985,0.7366,31,0.6896,0.6881,87,0.6593,0.6688,85,
FSLR,First Solar,Information Technology,180.1300,0.0018,4.7056,14.0000,Down,SMA50 73% vs 58% (n=58),41.3247,0.3477,0.2817,0.0447,0.8719,0.0757,-0.0429,-0.1256,-0.1924,0.1862,,,,0,,0.0000,,,,,0,0.0000,4.7056,14.0000,-0.1725,-0.2482,Down,False,,,0,,,0.6673,0.6818,96,0.5834,0.5841,108,0.6564,0.6818,55,0.7312,0.5841,58,0.6126,0.6818,38,0.6599,0.5841,45,0.6537,0.6818,17,0.6192,0.5841,24,0.7390,0.6933,85,0.7757,0.6984,95,
SYK,Stryker Corporation,Health Care,275.4000,-0.0101,4.6917,14.0000,Down,,41.2009,0.4703,0.0623,0.0291,0.6685,0.0757,-0.0019,-0.1025,-0.1582,2.3554,,,,0,,0.0000,,,,,0,0.0000,4.6917,14.0000,-0.0178,-0.1919,Down,False,,,0,,,0.6747,0.7120,101,0.5394,0.6800,103,0.6598,0.7120,67,0.5581,0.6800,60,0.6702,0.7120,48,0.6200,0.6800,52,0.6981,0.7120,23,0.7652,0.6800,27,0.6787,0.6635,78,0.6045,0.6478,83,
COIN,Coinbase,Financials,178.4500,-0.0392,4.6687,17.0000,Down,,46.4817,0.3058,0.2241,0.0613,0.7373,0.1496,-0.0435,0.0255,-0.0327,-1.9938,,,,0,,0.0000,,,,,0,0.0000,4.6687,17.0000,-0.0200,0.0898,Up,False,,,0,,,0.4954,0.6476,86,0.6794,0.5946,104,0.4927,0.6476,52,0.6820,0.5946,64,0.7415,0.6476,44,0.4751,0.5946,41,0.6496,0.6476,20,0.5751,0.5946,21,0.6444,0.6373,76,0.6451,0.6516,76,
NRG,NRG Energy,Utilities,108.6100,0.0484,4.3097,21.5650,Down,,54.8244,0.7770,0.2100,0.0438,1.7207,0.1599,0.0582,-0.0326,-0.2208,1.1758,,,,0,,0.0000,,,,,0,0.0000,4.3097,21.5650,-0.1094,-0.2606,Down,True,,,0,,,0.6333,0.6498,98,0.6204,0.5950,103,0.6458,0.6498,79,0.5616,0.5950,59,0.7148,0.6498,50,0.5205,0.5950,39,0.6240,0.6498,21,0.5173,0.5950,18,0.8112,0.7717,75,0.6110,0.5951,103,
PODD,Insulet Corporation,Health Care,134.3600,-0.0027,4.2577,14.0000,Down,SMA200 76% vs 62% (n=27),42.4773,0.3867,0.1011,0.0328,0.6119,0.0348,-0.0115,-0.0631,-0.2967,0.2810,,,,0,,0.0000,,,,,0,0.0000,4.2577,14.0000,-0.0729,-0.1877,Down,False,,,0,,,0.5969,0.6230,94,0.6846,0.7353,104,0.6338,0.6230,52,0.7178,0.7353,60,0.7160,0.6230,33,0.5700,0.7353,38,0.7578,0.6230,27,0.5809,0.7353,20,0.6510,0.6410,109,0.7388,0.7213,73,
VRSK,Verisk Analytics,Industrials,168.6800,0.0211,4.1985,20.0000,Down,,42.6514,0.3710,0.1408,0.0301,0.7357,0.1498,-0.0182,-0.0698,-0.1042,-0.0538,,,,0,,0.0000,,,,,0,0.0000,4.1985,20.0000,-0.0534,-0.1321,Down,False,,,0,,,0.6314,0.6806,108,0.6599,0.6724,91,0.6880,0.6806,61,0.5837,0.6724,52,0.7144,0.6806,53,0.6375,0.6724,41,0.6432,0.6806,22,0.7076,0.6724,21,0.6777,0.6599,84,0.6968,0.6254,90,
CCI,Crown Castle,Real Estate,69.0100,0.0107,4.1324,20.0000,Down,SMA100 79% vs 65% (n=40),42.8460,0.4022,0.1681,0.0268,0.9623,0.1220,-0.0164,-0.0519,-0.1450,-0.0183,,,,0,,0.0000,,,,,0,0.0000,4.1324,20.0000,-0.0956,-0.1234,Down,False,,,0,,,0.6219,0.6624,108,0.6360,0.6507,96,0.6723,0.6624,52,0.6209,0.6507,63,0.5311,0.6624,33,0.7864,0.6507,40,0.5954,0.6624,29,0.5637,0.6507,29,0.6580,0.6210,94,0.6809,0.6983,75,Earnings Wed Oct 21
NCLH,Norwegian Cruise Line Holdings,Consumer Discretionary,15.0500,-0.0297,4.0605,19.7666,Down,,47.6411,0.8180,0.0986,0.0409,1.1833,0.1235,0.0314,-0.0866,-0.2220,0.2379,,,,0,,0.0000,,,,,0,0.0000,4.0605,19.7666,-0.0393,-0.2749,Down,False,,,0,,,0.6505,0.6639,100,0.5846,0.5738,94,0.6929,0.6639,59,0.4333,0.5738,59,0.6472,0.6639,48,0.4781,0.5738,51,0.6230,0.6639,42,0.5074,0.5738,36,0.5958,0.6135,79,0.7042,0.6399,82,
DOV,Dover Corporation,Industrials,188.2900,-0.0187,4.0471,14.0000,Down,,43.0967,0.4051,0.0353,0.0212,0.5238,0.3944,-0.0033,-0.0421,-0.0994,0.7397,,,,0,,0.0000,,,,,0,0.0000,4.0471,14.0000,-0.0503,-0.1442,Down,False,,,0,,,0.5860,0.6667,91,0.6647,0.6186,93,0.5980,0.6667,64,0.5981,0.6186,62,0.5425,0.6667,47,0.6513,0.6186,52,0.6667,0.6667,24,0.5681,0.6186,25,0.7425,0.6498,83,0.6306,0.5954,87,Earnings Thu Oct 22
UHS,Universal Health Services,Health Care,174.6200,-0.0139,3.9857,24.8237,Down,SMA200 68% vs 57% (n=14),49.2510,0.2910,0.0558,0.0276,0.7073,0.3294,-0.0117,0.0068,-0.0283,-0.5859,,,,0,,0.0000,SMA200,-1.0532,0.5698,0.6822,14,16.7352,3.9857,24.8237,-0.0013,0.0899,Up,False,,,0,,,0.6726,0.7370,100,0.6054,0.5698,84,0.6528,0.7370,48,0.4955,0.5698,45,0.6045,0.7370,29,0.4918,0.5698,23,0.7249,0.7370,18,0.6822,0.5698,14,0.7000,0.6495,84,0.6486,0.5937,86,
CNP,CenterPoint Energy,Utilities,38.5300,-0.0008,3.9771,18.4308,Down,,52.6337,0.7210,0.0823,0.0172,1.3732,0.2505,0.0182,-0.0183,-0.0606,0.2300,,,,0,,0.0000,,,,,0,0.0000,3.9771,18.4308,-0.0569,-0.1418,Down,True,,,0,,,0.6904,0.6931,113,0.6105,0.6782,102,0.7470,0.6931,72,0.6452,0.6782,56,0.6512,0.6931,54,0.5418,0.6782,49,0.6096,0.6931,35,0.6767,0.6782,34,0.7639,0.7459,85,0.6292,0.6447,105,
TSN,Tyson Foods,Consumer Staples,51.7000,-0.0052,3.8891,14.0000,Down,SMA200 82% vs 68% (n=26),43.5616,0.4713,0.0593,0.0202,0.9482,0.1471,-0.0017,-0.0522,-0.1240,0.2354,,,,0,,0.0000,,,,,0,0.0000,3.8891,14.0000,-0.0283,-0.1323,Down,False,,,0,,,0.6143,0.6286,88,0.6309,0.6791,97,0.5567,0.6286,58,0.6453,0.6791,56,0.5129,0.6286,36,0.7270,0.6791,41,0.5406,0.6286,21,0.8239,0.6791,26,0.7265,0.6656,85,0.6815,0.6305,76,
EIX,Edison International,Utilities,54.4100,0.0194,3.8845,14.0000,Down,SMA100 80% vs 67% (n=54),43.5749,0.6773,0.0938,0.0347,0.8701,0.1667,0.0166,-0.1204,-0.1775,0.7512,,,,0,,0.0000,,,,,0,0.0000,3.8845,14.0000,-0.0851,-0.2955,Down,False,,,0,,,0.7268,0.6683,107,0.5624,0.6549,86,0.7027,0.6683,61,0.5270,0.6549,56,0.8047,0.6683,54,0.4393,0.6549,27,0.7026,0.6683,24,0.5310,0.6549,16,0.7028,0.6981,64,0.6145,0.6298,101,
WM,Waste Management,Industrials,208.9400,0.0051,3.5273,14.0775,Down,,44.8192,0.4798,0.0819,0.0162,1.0077,0.3268,-0.0017,-0.0388,-0.0629,0.5066,,,,0,,0.0000,,,,,0,0.0000,3.5273,14.0775,-0.0536,-0.1306,Down,False,,,0,,,0.5802,0.6648,104,0.6058,0.6823,88,0.5706,0.6648,62,0.7086,0.6823,69,0.7082,0.6648,52,0.5135,0.6823,50,0.6752,0.6648,34,0.7065,0.6823,31,0.7375,0.6838,77,0.6623,0.6391,98,
EXC,Exelon,Utilities,41.4900,-0.0046,3.5063,14.0000,Down,,44.6874,0.4952,0.0971,0.0169,0.8431,0.1764,-0.0005,-0.0417,-0.0757,0.1503,,,,0,,0.0000,,,,,0,0.0000,3.5063,14.0000,-0.0732,-0.1334,Down,False,,,0,,,0.7004,0.6374,111,0.5683,0.6051,90,0.6805,0.6374,60,0.6316,0.6051,60,0.6119,0.6374,59,0.6630,0.6051,63,0.5782,0.6374,35,0.6619,0.6051,48,0.7569,0.6986,75,0.6985,0.6134,94,
AMT,American Tower,Real Estate,166.1800,0.0085,3.3957,24.3436,Down,SMA100 75% vs 62% (n=42) | SMA50 74% vs 62% (n=52),45.0127,0.3606,0.1154,0.0224,0.9005,0.2317,-0.0161,-0.0283,-0.0402,-0.4670,,,,0,,0.0000,SMA50,-1.3019,0.6212,0.7408,52,7.8974,3.3957,24.3436,-0.0613,-0.0185,Down,False,,,0,,,0.6302,0.6726,105,0.6347,0.6212,85,0.5984,0.6726,64,0.7408,0.6212,52,0.6394,0.6726,44,0.7497,0.6212,42,0.7414,0.6726,32,0.6524,0.6212,32,0.6083,0.6331,84,0.6302,0.6412,81,
PEG,Public Service Enterprise Group,Utilities,71.7400,0.0001,3.3918,20.2370,Down,SMA100 70% vs 60% (n=55),58.2943,0.8152,0.1104,0.0181,1.3990,0.2903,0.0348,-0.0067,-0.0745,0.5707,,,,0,,0.0000,,,,,0,0.0000,3.3918,20.2370,-0.0421,-0.1335,Mixed,True,,,0,,,0.6579,0.6643,111,0.5891,0.5975,107,0.5620,0.6643,63,0.6726,0.5975,62,0.5518,0.6643,57,0.7015,0.5975,55,0.6162,0.6643,49,0.6311,0.5975,60,0.7474,0.6955,80,0.6700,0.6619,91,
EXE,Expand Energy,Energy,88.1200,-0.0012,3.3418,14.0000,Down,,45.1711,0.4767,0.1579,0.0257,0.5794,0.1183,-0.0037,-0.0499,-0.0932,0.2065,,,,0,,0.0000,,,,,0,0.0000,3.3418,14.0000,-0.1198,-0.0401,Down,False,,,0,,,0.6876,0.6751,109,0.4911,0.6316,105,0.7257,0.6751,70,0.5407,0.6316,58,0.6340,0.6751,46,0.5980,0.6316,32,0.6088,0.6751,30,0.6191,0.6316,34,0.7887,0.7452,86,0.6824,0.6618,101,
DECK,Deckers Brands,Consumer Discretionary,80.3800,-0.0157,3.2944,14.9820,Down,,45.3107,0.7295,0.0582,0.0277,0.9385,0.0705,0.0134,-0.0727,-0.2038,0.8195,,,,0,,0.0000,,,,,0,0.0000,3.2944,14.9820,-0.0441,-0.2655,Down,False,,,0,,,0.6244,0.6093,96,0.6766,0.6349,84,0.6684,0.6093,55,0.5655,0.6349,50,0.6399,0.6093,42,0.5668,0.6349,34,0.6432,0.6093,20,0.6924,0.6349,17,0.6931,0.6323,79,0.5822,0.5796,79,Earnings Thu Oct 22
TMUS,T-Mobile US,Communication Services,167.6500,0.0104,3.1822,14.0000,Down,,45.6405,0.4612,0.1601,0.0249,0.7504,0.1045,-0.0062,-0.0425,-0.1129,0.3257,,,,0,,0.0000,,,,,0,0.0000,3.1822,14.0000,-0.0945,-0.1074,Down,False,,,0,,,0.5866,0.7337,105,0.6269,0.6082,94,0.6705,0.7337,66,0.5715,0.6082,58,0.6987,0.7337,46,0.6555,0.6082,47,0.6762,0.7337,24,0.7010,0.6082,28,0.7186,0.7003,82,0.6390,0.6486,83,
SRE,Sempra,Utilities,79.6900,-0.0035,3.1217,14.0000,Down,,45.8186,0.4984,0.0904,0.0184,0.7201,0.1495,-0.0001,-0.0367,-0.1007,0.2830,,,,0,,0.0000,,,,,0,0.0000,3.1217,14.0000,-0.0770,-0.1872,Down,False,,,0,,,0.6849,0.7295,101,0.5529,0.6256,100,0.7444,0.7295,55,0.5848,0.6256,55,0.5600,0.7295,53,0.6804,0.6256,57,0.5562,0.7295,39,0.6626,0.6256,36,0.7187,0.7026,82,0.6945,0.6532,102,
AZO,AutoZone,Consumer Discretionary,2846.2700,-0.0180,3.0323,14.0000,Down,SMA100 75% vs 59% (n=59),46.0814,0.4168,0.0558,0.0291,0.3382,0.0803,-0.0046,-0.0357,-0.1344,4.6861,,,,0,,0.0000,,,,,0,0.0000,3.0323,14.0000,-0.0529,-0.0910,Down,False,,,0,,,0.6297,0.5934,103,0.6161,0.6728,101,0.6354,0.5934,80,0.5749,0.6728,72,0.7520,0.5934,59,0.4615,0.6728,43,0.6572,0.5934,27,0.5604,0.6728,24,0.7637,0.7153,77,0.6823,0.6369,95,
CMS,CMS Energy,Utilities,65.0700,0.0000,3.0159,14.0000,Down,,46.1297,0.5642,0.0937,0.0158,0.9616,0.1654,0.0060,-0.0397,-0.0951,0.3265,,,,0,,0.0000,,,,,0,0.0000,3.0159,14.0000,-0.0713,-0.1619,Down,False,,,0,,,0.6262,0.6303,115,0.6363,0.7037,101,0.6693,0.6303,67,0.5770,0.7037,65,0.6696,0.6303,61,0.5860,0.7037,52,0.6904,0.6303,46,0.6619,0.7037,35,0.7500,0.6883,81,0.7148,0.6557,99,
ZTS,Zoetis,Health Care,71.5500,0.0031,2.8585,14.0000,Down,SMA100 83% vs 71% (n=38) | SMA200 66% vs 56% (n=19),46.5926,0.4893,0.0725,0.0257,0.9190,0.0362,-0.0008,-0.0342,-0.2607,0.1378,,,,0,,0.0000,,,,,0,0.0000,2.8585,14.0000,-0.0445,-0.0769,Down,False,,,0,,,0.6284,0.5584,103,0.6684,0.7101,96,0.6470,0.5584,52,0.7071,0.7101,58,0.4745,0.5584,26,0.8295,0.7101,38,0.6623,0.5584,19,0.6887,0.7101,19,0.6250,0.6261,88,0.7719,0.7322,84,
SBAC,SBA Communications,Real Estate,170.3800,0.0040,2.8174,14.0000,Down,,46.7135,0.4651,0.2083,0.0300,0.8081,0.2121,-0.0073,-0.0491,-0.0977,0.0610,,,,0,,0.0000,,,,,0,0.0000,2.8174,14.0000,-0.1143,-0.0964,Down,False,,,0,,,0.6427,0.6382,98,0.5768,0.6783,103,0.5605,0.6382,63,0.6988,0.6783,70,0.5270,0.6382,35,0.6894,0.6783,42,0.6158,0.6382,31,0.7632,0.6783,31,0.6724,0.6503,101,0.7596,0.7109,84,
DTE,DTE Energy,Utilities,127.2400,-0.0076,2.5393,14.0000,Down,,47.5313,0.5859,0.1142,0.0177,0.6753,0.2181,0.0098,-0.0412,-0.0827,0.8322,,,,0,,0.0000,,,,,0,0.0000,2.5393,14.0000,-0.0817,-0.1763,Down,False,,,0,,,0.6337,0.6509,109,0.6195,0.6667,102,0.6521,0.6509,69,0.6219,0.6667,63,0.7033,0.6509,58,0.4830,0.6667,45,0.7292,0.6509,27,0.5062,0.6667,23,0.7476,0.6966,84,0.6757,0.6429,96,
WEC,WEC Energy Group,Utilities,103.1800,-0.0001,2.5086,14.0000,Down,SMA200 77% vs 65% (n=36),47.6219,0.5626,0.0570,0.0159,0.7678,0.1772,0.0036,-0.0237,-0.0604,0.2871,,,,0,,0.0000,,,,,0,0.0000,2.5086,14.0000,-0.0535,-0.1306,Down,False,,,0,,,0.6208,0.6743,97,0.6692,0.6524,106,0.7458,0.6743,68,0.5176,0.6524,59,0.6261,0.6743,61,0.6821,0.6524,57,0.5499,0.6743,30,0.7652,0.6524,36,0.7372,0.7186,84,0.7079,0.6560,100,
SO,Southern Company,Utilities,85.4400,0.0000,2.4724,14.0000,Down,,47.7283,0.5925,0.0766,0.0151,0.8583,0.2238,0.0071,-0.0336,-0.0612,0.3702,,,,0,,0.0000,,,,,0,0.0000,2.4724,14.0000,-0.0571,-0.1313,Down,False,,,0,,,0.6442,0.6973,109,0.5936,0.6524,88,0.6827,0.6973,66,0.6247,0.6524,53,0.7465,0.6973,56,0.5469,0.6524,41,0.6697,0.6973,36,0.6003,0.6524,32,0.7387,0.7197,73,0.6490,0.6108,103,
INTU,Intuit,Information Technology,297.2400,0.0256,2.4542,14.0000,Down,SMA200 74% vs 62% (n=36),47.7818,0.5141,0.2724,0.0397,0.9572,0.1056,0.0038,-0.0784,-0.2303,1.5327,,,,0,,0.0000,,,,,0,0.0000,2.4542,14.0000,-0.0852,0.0508,Down,False,,,0,,,0.6459,0.6318,99,0.6497,0.6167,106,0.6401,0.6318,64,0.6214,0.6167,74,0.6966,0.6318,47,0.5937,0.6167,49,0.7214,0.6318,30,0.7367,0.6167,36,0.7080,0.6913,79,0.7023,0.6735,81,
YUM,Yum! Brands,Consumer Discretionary,140.3500,0.0036,2.4331,14.0000,Down,SMA100 65% vs 54% (n=58) | SMA200 64% vs 54% (n=43),47.8438,0.6238,0.0740,0.0219,0.9769,0.1739,0.0092,-0.0363,-0.0798,0.4950,,,,0,,0.0000,,,,,0,0.0000,2.4331,14.0000,-0.0738,-0.1679,Down,False,,,0,,,0.5978,0.6883,106,0.5997,0.5402,108,0.6318,0.6883,89,0.6225,0.5402,83,0.6051,0.6883,65,0.6478,0.5402,58,0.5945,0.6883,41,0.6417,0.5402,43,0.7814,0.7231,88,0.7278,0.6946,85,
XEL,Xcel Energy,Utilities,72.4200,-0.0043,2.3652,14.0000,Down,,48.0436,0.5874,0.0869,0.0176,0.7661,0.2674,0.0076,-0.0328,-0.0589,0.3543,,,,0,,0.0000,,,,,0,0.0000,2.3652,14.0000,-0.0676,-0.1126,Down,False,,,0,,,0.7037,0.6848,115,0.5598,0.6339,97,0.6857,0.6848,70,0.6549,0.6339,64,0.7024,0.6848,54,0.6167,0.6339,52,0.7151,0.6848,25,0.6179,0.6339,26,0.7056,0.7000,85,0.7123,0.6629,98,
TYL,Tyler Technologies,Information Technology,332.3400,0.0043,2.1135,17.0000,Down,SMA100 71% vs 61% (n=43),48.7837,0.4816,0.1262,0.0338,0.5151,0.2429,-0.0023,-0.0139,-0.0329,-0.2124,,,,0,,0.0000,,,,,0,0.0000,2.1135,17.0000,-0.0617,0.0321,Mixed,False,,,0,,,0.5510,0.6512,106,0.6708,0.6109,104,0.5824,0.6512,64,0.6737,0.6109,59,0.6354,0.6512,30,0.7116,0.6109,43,0.5055,0.6512,15,0.6977,0.6109,21,0.7528,0.6882,86,0.7508,0.7036,81,
TSCO,Tractor Supply,Consumer Discretionary,32.5200,0.0071,2.0430,12.0560,Down,,49.4500,0.5702,0.0906,0.0308,1.0184,0.1519,0.0064,-0.0285,-0.1686,0.0320,,,,0,,0.0000,,,,,0,0.0000,2.0430,12.0560,-0.0957,0.0506,Mixed,False,,,0,,,0.6346,0.6292,115,0.6224,0.6778,108,0.5835,0.6292,74,0.6988,0.6778,70,0.6067,0.6292,43,0.6857,0.6778,51,0.5740,0.6292,30,0.5783,0.6778,37,0.7184,0.7031,89,0.7684,0.7130,83,Earnings Thu Oct 22
ORCL,Oracle Corporation,Information Technology,143.5600,-0.0084,1.8108,11.9000,Down,,49.6741,0.5087,0.1467,0.0439,0.4576,0.1418,0.0013,-0.0107,-0.1119,0.1693,,,,0,,0.0000,,,,,0,0.0000,1.8108,11.9000,-0.1339,-0.0376,Mixed,False,,,0,,,0.5343,0.6393,85,0.6061,0.5380,87,0.5911,0.6393,46,0.5367,0.5380,41,0.7377,0.6393,32,0.3983,0.5380,24,0.7315,0.6393,20,0.4849,0.5380,19,0.5922,0.6037,71,0.5979,0.5567,80,
KR,Kroger,Consumer Staples,59.2500,0.0144,1.7574,49.9530,Down,SMA100 78% vs 64% (n=53),51.6904,0.4691,0.0840,0.0251,1.0434,0.2500,-0.0026,0.0193,-0.0574,-0.1286,,,,0,,0.0000,SMA100,-0.0288,0.6396,0.7817,53,69.6993,1.7574,49.9530,0.0186,-0.0399,Up,False,,,0,,,0.5811,0.7228,118,0.6748,0.6396,105,0.6344,0.7228,51,0.6755,0.6396,59,0.5324,0.7228,39,0.7817,0.6396,53,0.6223,0.7228,36,0.6929,0.6396,30,0.7858,0.7342,85,0.7196,0.7000,93,
RDDT,Reddit,Communication Services,152.7100,0.0252,1.5692,11.9000,Down,SMA200 75% vs 58% (n=15),50.3848,0.5202,0.1386,0.0474,0.5672,0.2319,0.0028,-0.0137,-0.0877,0.3933,,,,0,,0.0000,,,,,0,0.0000,1.5692,11.9000,0.0051,-0.2741,Mixed,False,,,0,,,0.7085,0.7000,55,0.5668,0.5847,46,0.7120,0.7000,21,0.6391,0.5847,20,0.7636,0.7000,18,0.5169,0.5847,16,0.4857,0.7000,10,0.7547,0.5847,15,0.7822,0.7674,37,0.6129,0.5568,60,
ULTA,Ulta Beauty,Consumer Discretionary,545.4800,-0.0033,1.1921,32.4052,Down,SMA200 69% vs 58% (n=21),52.0199,0.5201,0.0429,0.0272,0.7037,0.3754,0.0009,0.0137,-0.0172,-1.2353,,,,0,,0.0000,SMA200,-0.6423,0.5771,0.6923,21,32.9522,1.1921,32.4052,-0.0240,0.1487,Up,False,,,0,,,0.6586,0.6286,97,0.6229,0.5771,88,0.5705,0.6286,60,0.6019,0.5771,53,0.7055,0.6286,35,0.5218,0.5771,33,0.5006,0.6286,19,0.6923,0.5771,21,0.6860,0.6561,80,0.6475,0.6144,94,
AIG,American International Group,Financials,75.6600,0.0073,0.9485,14.6549,Down,,52.2102,0.7196,0.0378,0.0186,0.9491,0.3659,0.0083,-0.0042,-0.0052,0.1426,,,,0,,0.0000,,,,,0,0.0000,0.9485,14.6549,0.0026,-0.0738,Down,False,,,0,,,0.6076,0.6748,114,0.5510,0.6875,99,0.7430,0.6748,75,0.5344,0.6875,76,0.6390,0.6748,55,0.6059,0.6875,55,0.6106,0.6748,43,0.6221,0.6875,39,0.7166,0.7237,74,0.6913,0.6469,101,
WMT,Walmart,Consumer Staples,108.1600,0.0090,0.6889,11.9000,Down,SMA200 68% vs 54% (n=14),52.9737,0.6409,0.0664,0.0200,0.7244,0.2747,0.0094,-0.0030,-0.0816,0.0722,,,,0,,0.0000,,,,,0,0.0000,0.6889,11.9000,0.0027,-0.0703,Mixed,False,,,0,,,0.6817,0.7470,106,0.5502,0.5432,89,0.7458,0.7470,59,0.4685,0.5432,54,0.8046,0.7470,37,0.3405,0.5432,20,0.7849,0.7470,10,0.6763,0.5432,14,0.8090,0.7652,69,0.6116,0.5546,101,
IR,Ingersoll Rand,Industrials,77.2400,-0.0249,0.6038,16.7151,Down,SMA200 75% vs 63% (n=30),53.2242,0.7815,0.1220,0.0277,0.9240,0.2798,0.0343,-0.0196,-0.0525,0.7157,,,,0,,0.0000,,,,,0,0.0000,0.6038,16.7151,0.0111,-0.0338,Down,False,,,0,,,0.6552,0.6900,104,0.5404,0.6256,95,0.6993,0.6900,50,0.5339,0.6256,55,0.5947,0.6900,41,0.6321,0.6256,49,0.6175,0.6900,28,0.7501,0.6256,30,0.6625,0.6679,74,0.6334,0.5928,85,
EQT,EQT Corporation,Energy,52.3100,-0.0030,0.4980,14.0000,Down,,53.5352,0.6667,0.1284,0.0268,0.8499,0.2255,0.0214,-0.0090,-0.0529,0.2439,,,,0,,0.0000,,,,,0,0.0000,0.4980,14.0000,-0.0682,0.0098,Down,False,,,0,,,0.6354,0.6552,104,0.5871,0.5576,102,0.7128,0.6552,60,0.5339,0.5576,47,0.6874,0.6552,42,0.5928,0.5576,47,0.7195,0.6552,33,0.6203,0.5576,27,0.7197,0.6837,79,0.6772,0.6565,87,Earnings Tue Oct 20
TJX,TJX Companies,Consumer Discretionary,138.8000,0.0129,0.2981,24.1560,Down,SMA200 82% vs 70% (n=19),61.7802,1.0146,0.1255,0.0207,1.0351,0.3431,0.0646,-0.0062,-0.0842,1.6643,,,,0,,0.0000,,,,,0,0.0000,0.2981,24.1560,0.0594,-0.1138,Mixed,False,,,0,,,0.6907,0.7019,113,0.5779,0.5422,88,0.7248,0.7019,73,0.4596,0.5422,66,0.7271,0.7019,48,0.5516,0.5422,38,0.8177,0.7019,19,0.5446,0.5422,11,0.7434,0.7668,62,0.6423,0.6105,101,
ADSK,Autodesk,Information Technology,235.0500,0.0163,0.0846,23.0141,Down,,59.9848,1.0447,0.1517,0.0360,1.0085,0.3578,0.0826,0.0057,-0.0123,3.0586,,,,0,,0.0000,,,,,0,0.0000,0.0846,23.0141,0.0904,0.0904,Up,False,,,0,,,0.5210,0.6135,89,0.5889,0.7087,101,0.4992,0.6135,57,0.6548,0.7087,66,0.6345,0.6135,44,0.5685,0.7087,52,0.6775,0.6135,38,0.5174,0.7087,44,0.6710,0.6742,79,0.6516,0.6600,86,
RL,Ralph Lauren Corporation,Consumer Discretionary,361.1400,-0.0204,0.0044,22.3146,Down,SMA100 67% vs 56% (n=47),54.9871,0.7616,0.1386,0.0270,0.7083,0.4982,0.0362,-0.0009,-0.0059,3.3367,,,,0,,0.0000,SMA100,-0.9876,0.5630,0.6716,47,18.5466,0.0044,22.3146,0.0258,-0.1021,Mixed,False,,,0,,,0.6753,0.7406,107,0.5863,0.5630,109,0.6284,0.7406,58,0.6271,0.5630,57,0.6214,0.7406,41,0.6716,0.5630,47,0.7375,0.7406,19,0.5834,0.5630,17,0.7966,0.7286,80,0.6882,0.6431,100,
CCL,Carnival Corporation,Consumer Discretionary,26.1500,-0.0162,0.0000,22.2902,Down,,63.0934,0.9210,0.2815,0.0340,0.5474,0.3903,0.1185,0.0384,-0.0393,0.5856,,,,0,,0.0000,,,,,0,0.0000,0.0000,22.2902,0.1099,-0.0527,Mixed,False,,,0,,,0.6088,0.6439,84,0.6505,0.6114,92,0.6066,0.6439,53,0.5878,0.6114,58,0.6429,0.6439,42,0.6134,0.6114,44,0.5160,0.6439,32,0.5842,0.6114,31,0.6437,0.6064,79,0.6799,0.6081,79,
PPL,PPL Corporation,Utilities,33.9500,0.0074,0.0000,19.6605,Down,SMA100 75% vs 63% (n=42),57.3911,0.8268,0.0806,0.0160,0.9977,0.3025,0.0263,-0.0047,-0.0459,0.1930,,,,0,,0.0000,,,,,0,0.0000,0.0000,19.6605,-0.0414,-0.0765,Down,False,,,0,,,0.6429,0.6257,101,0.6282,0.6413,94,0.6250,0.6257,56,0.5858,0.6413,55,0.7501,0.6257,42,0.5611,0.6413,38,0.6711,0.6257,34,0.5929,0.6413,29,0.7146,0.6487,78,0.6139,0.5982,96,
HCA,HCA Healthcare,Health Care,439.1700,0.0161,0.0000,26.7356,Down,,59.8157,0.9569,0.0497,0.0274,0.7134,0.4287,0.0227,0.0498,-0.0107,-0.0445,,,,0,,0.0000,,,,,0,0.0000,0.0000,26.7356,0.0772,0.0392,Up,False,,,0,,,0.7293,0.6857,93,0.5581,0.5564,86,0.6972,0.6857,53,0.4939,0.5564,41,0.7228,0.6857,33,0.5523,0.5564,29,0.5464,0.6857,12,0.6298,0.5564,17,0.6321,0.6679,73,0.5700,0.6079,95,
ISRG,Intuitive Surgical,Health Care,414.5200,0.0241,0.0000,19.2944,Down,SMA20 69% vs 56% (n=95),62.6291,0.8237,0.1514,0.0278,0.8273,0.3122,0.0490,0.0811,-0.0684,0.9095,,,,0,,0.0000,,,,,0,0.0000,0.0000,19.2944,0.1666,-0.0293,Up,False,,,0,,,0.5896,0.6944,94,0.6895,0.5639,95,0.6227,0.6944,39,0.6225,0.5639,43,0.6259,0.6944,26,0.5763,0.5639,19,0.5911,0.6944,21,0.6312,0.5639,17,0.6468,0.6412,85,0.6611,0.6246,86,Earnings Tue Oct 20
TRMB,Trimble Inc.,Information Technology,60.0600,-0.0146,0.0000,20.8012,Down,SMA100 72% vs 58% (n=41),58.5148,0.9509,0.0729,0.0280,0.7952,0.3326,0.0329,0.0267,-0.0371,0.2346,,,,0,,0.0000,,,,,0,0.0000,0.0000,20.8012,0.0046,0.1029,Up,False,,,0,,,0.5818,0.6911,97,0.6376,0.5804,111,0.5607,0.6911,58,0.6242,0.5804,67,0.5384,0.6911,42,0.7183,0.5804,41,0.6218,0.6911,31,0.6227,0.5804,19,0.7267,0.6919,92,0.7327,0.6858,83,
TSLA,"Tesla, Inc.",Consumer Discretionary,377.8100,-0.0075,0.0000,15.3816,Down,SMA20 66% vs 54% (n=97),57.7062,0.7742,0.1051,0.0314,0.7217,0.3993,0.0288,0.0741,-0.0354,0.7703,,,,0,,0.0000,,,,,0,0.0000,0.0000,15.3816,0.0090,-0.1072,Up,False,,,0,,,0.5927,0.6692,95,0.6649,0.5385,97,0.6139,0.6692,59,0.5859,0.5385,56,0.6961,0.6692,53,0.5033,0.5385,42,0.6129,0.6692,33,0.5680,0.5385,35,0.6383,0.6115,86,0.6205,0.6351,71,Earnings Wed Oct 21
